model_id,model,panel,dose,series,direction_index,estimate,ci_low,ci_high,n_sessions,n_directions,sample,ci_method,source,zero_reference
qwen25_32b,Qwen2.5-32B,original_cache_margin,-1.0,valenced,valenced,-8.920833282117176,-11.045937469795884,-6.816562454706568,60,1,all_recorded_ungated,skeleton_bootstrap_4000,exp254_and_dose0_282,
qwen25_32b,Qwen2.5-32B,original_cache_margin,-0.5,valenced,valenced,-4.424999970311272,-6.408437457150814,-2.483229139891942,60,1,all_recorded_ungated,skeleton_bootstrap_4000,exp254_and_dose0_282,
qwen25_32b,Qwen2.5-32B,original_cache_margin,0.0,valenced,valenced,-0.46250000086394416,-2.1918749863242444,1.2626041581683909,60,1,all_recorded_ungated,skeleton_bootstrap_4000,exp254_and_dose0_282,measured60
qwen25_32b,Qwen2.5-32B,original_cache_margin,0.5,valenced,valenced,1.5250000001168438,-0.3043750060169224,3.3542708535702817,60,1,all_recorded_ungated,skeleton_bootstrap_4000,exp254_and_dose0_282,
qwen25_32b,Qwen2.5-32B,original_cache_margin,1.0,valenced,valenced,1.8000000024774399,-0.17083328730790753,3.7917708324971064,60,1,all_recorded_ungated,skeleton_bootstrap_4000,exp254_and_dose0_282,
qwen25_32b,Qwen2.5-32B,original_minus_unsteered_margin,-1.0,valenced,valenced,-3.8874999786560474,-4.299999954489164,-3.4750000231628952,60,1,all_recorded_ungated,skeleton_bootstrap_4000,exp254_and_dose0_282,
qwen25_32b,Qwen2.5-32B,original_minus_unsteered_margin,-0.5,valenced,valenced,-1.3791666560669857,-1.6251041330155587,-1.1416666854976658,60,1,all_recorded_ungated,skeleton_bootstrap_4000,exp254_and_dose0_282,
qwen25_32b,Qwen2.5-32B,original_minus_unsteered_margin,0.0,valenced,valenced,0.0,,,60,1,all_recorded_ungated,constructed,exp254_and_dose0_282,constructed_difference
qwen25_32b,Qwen2.5-32B,original_minus_unsteered_margin,0.5,valenced,valenced,0.6166666967412681,0.43750001244524334,0.7958333999517448,60,1,all_recorded_ungated,skeleton_bootstrap_4000,exp254_and_dose0_282,
qwen25_32b,Qwen2.5-32B,original_minus_unsteered_margin,1.0,valenced,valenced,0.7666666765171415,0.3416666986770868,1.1501041990171639,60,1,all_recorded_ungated,skeleton_bootstrap_4000,exp254_and_dose0_282,
qwen25_32b,Qwen2.5-32B,original_cache_margin,-1.0,random_direction,0,-3.287499924644817,,,20,1,all_recorded_ungated,not_shown,exp254_and_dose0_282,
qwen25_32b,Qwen2.5-32B,original_cache_margin,-0.5,random_direction,0,-2.199999985943407,,,20,1,all_recorded_ungated,not_shown,exp254_and_dose0_282,
qwen25_32b,Qwen2.5-32B,original_cache_margin,0.0,random_direction,0,-1.5750000019305843,,,20,1,all_recorded_ungated,not_shown,exp254_and_dose0_282,measured_shared20
qwen25_32b,Qwen2.5-32B,original_cache_margin,0.5,random_direction,0,-2.0999999875815774,,,20,1,all_recorded_ungated,not_shown,exp254_and_dose0_282,
qwen25_32b,Qwen2.5-32B,original_cache_margin,1.0,random_direction,0,-2.3250000086418594,,,20,1,all_recorded_ungated,not_shown,exp254_and_dose0_282,
qwen25_32b,Qwen2.5-32B,original_cache_margin,-1.0,random_direction,1,-6.399999882734735,,,20,1,all_recorded_ungated,not_shown,exp254_and_dose0_282,
qwen25_32b,Qwen2.5-32B,original_cache_margin,-0.5,random_direction,1,-2.924999992553654,,,20,1,all_recorded_ungated,not_shown,exp254_and_dose0_282,
qwen25_32b,Qwen2.5-32B,original_cache_margin,0.0,random_direction,1,-1.5750000019305843,,,20,1,all_recorded_ungated,not_shown,exp254_and_dose0_282,measured_shared20
qwen25_32b,Qwen2.5-32B,original_cache_margin,0.5,random_direction,1,-0.9750000964554587,,,20,1,all_recorded_ungated,not_shown,exp254_and_dose0_282,
qwen25_32b,Qwen2.5-32B,original_cache_margin,1.0,random_direction,1,-2.024999989097401,,,20,1,all_recorded_ungated,not_shown,exp254_and_dose0_282,
qwen25_32b,Qwen2.5-32B,original_cache_margin,-1.0,random_direction,2,-3.1625000661622407,,,20,1,all_recorded_ungated,not_shown,exp254_and_dose0_282,
qwen25_32b,Qwen2.5-32B,original_cache_margin,-0.5,random_direction,2,-1.7749999581585143,,,20,1,all_recorded_ungated,not_shown,exp254_and_dose0_282,
qwen25_32b,Qwen2.5-32B,original_cache_margin,0.0,random_direction,2,-1.5750000019305843,,,20,1,all_recorded_ungated,not_shown,exp254_and_dose0_282,measured_shared20
qwen25_32b,Qwen2.5-32B,original_cache_margin,0.5,random_direction,2,-2.299999970696308,,,20,1,all_recorded_ungated,not_shown,exp254_and_dose0_282,
qwen25_32b,Qwen2.5-32B,original_cache_margin,1.0,random_direction,2,-1.4125000425221033,,,20,1,all_recorded_ungated,not_shown,exp254_and_dose0_282,
qwen25_32b,Qwen2.5-32B,original_cache_margin,-1.0,random_direction,3,-4.249999987803045,,,20,1,all_recorded_ungated,not_shown,exp254_and_dose0_282,
qwen25_32b,Qwen2.5-32B,original_cache_margin,-0.5,random_direction,3,-2.1249999912338042,,,20,1,all_recorded_ungated,not_shown,exp254_and_dose0_282,
qwen25_32b,Qwen2.5-32B,original_cache_margin,0.0,random_direction,3,-1.5750000019305843,,,20,1,all_recorded_ungated,not_shown,exp254_and_dose0_282,measured_shared20
qwen25_32b,Qwen2.5-32B,original_cache_margin,0.5,random_direction,3,-2.6124999823513235,,,20,1,all_recorded_ungated,not_shown,exp254_and_dose0_282,
qwen25_32b,Qwen2.5-32B,original_cache_margin,1.0,random_direction,3,-3.187500001451281,,,20,1,all_recorded_ungated,not_shown,exp254_and_dose0_282,
qwen25_32b,Qwen2.5-32B,original_cache_margin,-1.0,random_direction,4,-4.125000004959318,,,20,1,all_recorded_ungated,not_shown,exp254_and_dose0_282,
qwen25_32b,Qwen2.5-32B,original_cache_margin,-0.5,random_direction,4,-1.9125000016005287,,,20,1,all_recorded_ungated,not_shown,exp254_and_dose0_282,
qwen25_32b,Qwen2.5-32B,original_cache_margin,0.0,random_direction,4,-1.5750000019305843,,,20,1,all_recorded_ungated,not_shown,exp254_and_dose0_282,measured_shared20
qwen25_32b,Qwen2.5-32B,original_cache_margin,0.5,random_direction,4,-3.0374998989526008,,,20,1,all_recorded_ungated,not_shown,exp254_and_dose0_282,
qwen25_32b,Qwen2.5-32B,original_cache_margin,1.0,random_direction,4,-3.5375000187557846,,,20,1,all_recorded_ungated,not_shown,exp254_and_dose0_282,
qwen25_32b,Qwen2.5-32B,original_cache_margin,-1.0,random_direction,5,-5.912499968848502,,,20,1,all_recorded_ungated,not_shown,exp254_and_dose0_282,
qwen25_32b,Qwen2.5-32B,original_cache_margin,-0.5,random_direction,5,-3.387499955845004,,,20,1,all_recorded_ungated,not_shown,exp254_and_dose0_282,
qwen25_32b,Qwen2.5-32B,original_cache_margin,0.0,random_direction,5,-1.5750000019305843,,,20,1,all_recorded_ungated,not_shown,exp254_and_dose0_282,measured_shared20
qwen25_32b,Qwen2.5-32B,original_cache_margin,0.5,random_direction,5,-0.6750000637766902,,,20,1,all_recorded_ungated,not_shown,exp254_and_dose0_282,
qwen25_32b,Qwen2.5-32B,original_cache_margin,1.0,random_direction,5,-1.3874999563472499,,,20,1,all_recorded_ungated,not_shown,exp254_and_dose0_282,
qwen25_32b,Qwen2.5-32B,original_cache_margin,-1.0,random_direction,6,0.5999999820817834,,,20,1,all_recorded_ungated,not_shown,exp254_and_dose0_282,
qwen25_32b,Qwen2.5-32B,original_cache_margin,-0.5,random_direction,6,-1.099999999829879,,,20,1,all_recorded_ungated,not_shown,exp254_and_dose0_282,
qwen25_32b,Qwen2.5-32B,original_cache_margin,0.0,random_direction,6,-1.5750000019305843,,,20,1,all_recorded_ungated,not_shown,exp254_and_dose0_282,measured_shared20
qwen25_32b,Qwen2.5-32B,original_cache_margin,0.5,random_direction,6,-3.3875000263854873,,,20,1,all_recorded_ungated,not_shown,exp254_and_dose0_282,
qwen25_32b,Qwen2.5-32B,original_cache_margin,1.0,random_direction,6,-3.725000015149328,,,20,1,all_recorded_ungated,not_shown,exp254_and_dose0_282,
qwen25_32b,Qwen2.5-32B,original_cache_margin,-1.0,random_direction,7,-3.3749999970196156,,,20,1,all_recorded_ungated,not_shown,exp254_and_dose0_282,
qwen25_32b,Qwen2.5-32B,original_cache_margin,-0.5,random_direction,7,-3.2624999931579,,,20,1,all_recorded_ungated,not_shown,exp254_and_dose0_282,
qwen25_32b,Qwen2.5-32B,original_cache_margin,0.0,random_direction,7,-1.5750000019305843,,,20,1,all_recorded_ungated,not_shown,exp254_and_dose0_282,measured_shared20
qwen25_32b,Qwen2.5-32B,original_cache_margin,0.5,random_direction,7,-2.3250000328738,,,20,1,all_recorded_ungated,not_shown,exp254_and_dose0_282,
qwen25_32b,Qwen2.5-32B,original_cache_margin,1.0,random_direction,7,-3.6250000192074396,,,20,1,all_recorded_ungated,not_shown,exp254_and_dose0_282,
qwen25_32b,Qwen2.5-32B,original_cache_margin,-1.0,random_mean,mean,-3.7390624812613114,-4.992187450077766,-2.2575390797426143,160,8,all_recorded_ungated,direction_bootstrap_4000,exp254_and_dose0_282,
qwen25_32b,Qwen2.5-32B,original_cache_margin,-0.5,random_mean,mean,-2.3359374847903362,-2.8218749792324447,-1.8359374878635153,160,8,all_recorded_ungated,direction_bootstrap_4000,exp254_and_dose0_282,
qwen25_32b,Qwen2.5-32B,original_cache_margin,0.0,random_mean,mean,-1.5750000019305843,-3.8624999562823725,0.7999999557095067,20,8,all_recorded_ungated,shared20_skeleton_bootstrap_4000,exp254_and_dose0_282,measured_shared20
qwen25_32b,Qwen2.5-32B,original_cache_margin,0.5,random_mean,mean,-2.1765625073841557,-2.7453124868632526,-1.5718359864141784,160,8,all_recorded_ungated,direction_bootstrap_4000,exp254_and_dose0_282,
qwen25_32b,Qwen2.5-32B,original_cache_margin,1.0,random_mean,mean,-2.653125006396556,-3.2890625106564233,-2.0092968930069275,160,8,all_recorded_ungated,direction_bootstrap_4000,exp254_and_dose0_282,
qwen25_32b,Qwen2.5-32B,original_minus_unsteered_margin,-1.0,random_direction,0,-0.8249999476772928,,,20,1,all_recorded_ungated,not_shown,exp254_and_dose0_282,
qwen25_32b,Qwen2.5-32B,original_minus_unsteered_margin,-0.5,random_direction,0,-0.04999996585544295,,,20,1,all_recorded_ungated,not_shown,exp254_and_dose0_282,
qwen25_32b,Qwen2.5-32B,original_minus_unsteered_margin,0.0,random_direction,0,0.0,,,20,1,all_recorded_ungated,not_shown,exp254_and_dose0_282,constructed_difference
qwen25_32b,Qwen2.5-32B,original_minus_unsteered_margin,0.5,random_direction,0,-0.39999995501975716,,,20,1,all_recorded_ungated,not_shown,exp254_and_dose0_282,
qwen25_32b,Qwen2.5-32B,original_minus_unsteered_margin,1.0,random_direction,0,-0.6374999982863301,,,20,1,all_recorded_ungated,not_shown,exp254_and_dose0_282,
qwen25_32b,Qwen2.5-32B,original_minus_unsteered_margin,-1.0,random_direction,1,-3.037499934124983,,,20,1,all_recorded_ungated,not_shown,exp254_and_dose0_282,
qwen25_32b,Qwen2.5-32B,original_minus_unsteered_margin,-0.5,random_direction,1,-1.18749999748093,,,20,1,all_recorded_ungated,not_shown,exp254_and_dose0_282,
qwen25_32b,Qwen2.5-32B,original_minus_unsteered_margin,0.0,random_direction,1,0.0,,,20,1,all_recorded_ungated,not_shown,exp254_and_dose0_282,constructed_difference
qwen25_32b,Qwen2.5-32B,original_minus_unsteered_margin,0.5,random_direction,1,0.44999986656835206,,,20,1,all_recorded_ungated,not_shown,exp254_and_dose0_282,
qwen25_32b,Qwen2.5-32B,original_minus_unsteered_margin,1.0,random_direction,1,0.18750008028440276,,,20,1,all_recorded_ungated,not_shown,exp254_and_dose0_282,
qwen25_32b,Qwen2.5-32B,original_minus_unsteered_margin,-1.0,random_direction,2,-1.231822764680146e-07,,,20,1,all_recorded_ungated,not_shown,exp254_and_dose0_282,
qwen25_32b,Qwen2.5-32B,original_minus_unsteered_margin,-0.5,random_direction,2,0.36250003814975573,,,20,1,all_recorded_ungated,not_shown,exp254_and_dose0_282,
qwen25_32b,Qwen2.5-32B,original_minus_unsteered_margin,0.0,random_direction,2,0.0,,,20,1,all_recorded_ungated,not_shown,exp254_and_dose0_282,constructed_difference
qwen25_32b,Qwen2.5-32B,original_minus_unsteered_margin,0.5,random_direction,2,-0.21249999617757567,,,20,1,all_recorded_ungated,not_shown,exp254_and_dose0_282,
qwen25_32b,Qwen2.5-32B,original_minus_unsteered_margin,1.0,random_direction,2,0.24999997701691293,,,20,1,all_recorded_ungated,not_shown,exp254_and_dose0_282,
qwen25_32b,Qwen2.5-32B,original_minus_unsteered_margin,-1.0,random_direction,3,-1.6875000200663237,,,20,1,all_recorded_ungated,not_shown,exp254_and_dose0_282,
qwen25_32b,Qwen2.5-32B,original_minus_unsteered_margin,-0.5,random_direction,3,-0.8999999535557691,,,20,1,all_recorded_ungated,not_shown,exp254_and_dose0_282,
qwen25_32b,Qwen2.5-32B,original_minus_unsteered_margin,0.0,random_direction,3,0.0,,,20,1,all_recorded_ungated,not_shown,exp254_and_dose0_282,constructed_difference
qwen25_32b,Qwen2.5-32B,original_minus_unsteered_margin,0.5,random_direction,3,0.562500047075406,,,20,1,all_recorded_ungated,not_shown,exp254_and_dose0_282,
qwen25_32b,Qwen2.5-32B,original_minus_unsteered_margin,1.0,random_direction,3,0.4874999014069033,,,20,1,all_recorded_ungated,not_shown,exp254_and_dose0_282,
qwen25_32b,Qwen2.5-32B,original_minus_unsteered_margin,-1.0,random_direction,4,-2.062499998004577,,,20,1,all_recorded_ungated,not_shown,exp254_and_dose0_282,
qwen25_32b,Qwen2.5-32B,original_minus_unsteered_margin,-0.5,random_direction,4,-0.6999999691391849,,,20,1,all_recorded_ungated,not_shown,exp254_and_dose0_282,
qwen25_32b,Qwen2.5-32B,original_minus_unsteered_margin,0.0,random_direction,4,0.0,,,20,1,all_recorded_ungated,not_shown,exp254_and_dose0_282,constructed_difference
qwen25_32b,Qwen2.5-32B,original_minus_unsteered_margin,0.5,random_direction,4,-0.23749985722442907,,,20,1,all_recorded_ungated,not_shown,exp254_and_dose0_282,
qwen25_32b,Qwen2.5-32B,original_minus_unsteered_margin,1.0,random_direction,4,-1.0500000093771547,,,20,1,all_recorded_ungated,not_shown,exp254_and_dose0_282,
qwen25_32b,Qwen2.5-32B,original_minus_unsteered_margin,-1.0,random_direction,5,-2.7874999028968714,,,20,1,all_recorded_ungated,not_shown,exp254_and_dose0_282,
qwen25_32b,Qwen2.5-32B,original_minus_unsteered_margin,-0.5,random_direction,5,-0.800000036009753,,,20,1,all_recorded_ungated,not_shown,exp254_and_dose0_282,
qwen25_32b,Qwen2.5-32B,original_minus_unsteered_margin,0.0,random_direction,5,0.0,,,20,1,all_recorded_ungated,not_shown,exp254_and_dose0_282,constructed_difference
qwen25_32b,Qwen2.5-32B,original_minus_unsteered_margin,0.5,random_direction,5,0.7374999394778456,,,20,1,all_recorded_ungated,not_shown,exp254_and_dose0_282,
qwen25_32b,Qwen2.5-32B,original_minus_unsteered_margin,1.0,random_direction,5,1.112499990207003,,,20,1,all_recorded_ungated,not_shown,exp254_and_dose0_282,
qwen25_32b,Qwen2.5-32B,original_minus_unsteered_margin,-1.0,random_direction,6,1.3124999752134614,,,20,1,all_recorded_ungated,not_shown,exp254_and_dose0_282,
qwen25_32b,Qwen2.5-32B,original_minus_unsteered_margin,-0.5,random_direction,6,0.5000000254564384,,,20,1,all_recorded_ungated,not_shown,exp254_and_dose0_282,
qwen25_32b,Qwen2.5-32B,original_minus_unsteered_margin,0.0,random_direction,6,0.0,,,20,1,all_recorded_ungated,not_shown,exp254_and_dose0_282,constructed_difference
qwen25_32b,Qwen2.5-32B,original_minus_unsteered_margin,0.5,random_direction,6,-0.9124999944233536,,,20,1,all_recorded_ungated,not_shown,exp254_and_dose0_282,
qwen25_32b,Qwen2.5-32B,original_minus_unsteered_margin,1.0,random_direction,6,-1.8875000328760507,,,20,1,all_recorded_ungated,not_shown,exp254_and_dose0_282,
qwen25_32b,Qwen2.5-32B,original_minus_unsteered_margin,-1.0,random_direction,7,-1.4749999491644346,,,20,1,all_recorded_ungated,not_shown,exp254_and_dose0_282,
qwen25_32b,Qwen2.5-32B,original_minus_unsteered_margin,-0.5,random_direction,7,-0.5250000120663743,,,20,1,all_recorded_ungated,not_shown,exp254_and_dose0_282,
qwen25_32b,Qwen2.5-32B,original_minus_unsteered_margin,0.0,random_direction,7,0.0,,,20,1,all_recorded_ungated,not_shown,exp254_and_dose0_282,constructed_difference
qwen25_32b,Qwen2.5-32B,original_minus_unsteered_margin,0.5,random_direction,7,-0.13750005785443592,,,20,1,all_recorded_ungated,not_shown,exp254_and_dose0_282,
qwen25_32b,Qwen2.5-32B,original_minus_unsteered_margin,1.0,random_direction,7,0.5249999908708475,,,20,1,all_recorded_ungated,not_shown,exp254_and_dose0_282,
qwen25_32b,Qwen2.5-32B,original_minus_unsteered_margin,-1.0,random_mean,mean,-1.3203124874879124,-2.190742120990956,-0.3296875246914893,160,8,all_recorded_ungated,direction_bootstrap_4000,exp254_and_dose0_282,
qwen25_32b,Qwen2.5-32B,original_minus_unsteered_margin,-0.5,random_mean,mean,-0.4124999838126575,-0.7875390659890517,-0.001523412281792612,160,8,all_recorded_ungated,direction_bootstrap_4000,exp254_and_dose0_282,
qwen25_32b,Qwen2.5-32B,original_minus_unsteered_margin,0.0,random_mean,mean,0.0,,,20,8,all_recorded_ungated,constructed,exp254_and_dose0_282,constructed_difference
qwen25_32b,Qwen2.5-32B,original_minus_unsteered_margin,0.5,random_mean,mean,-0.018750000947243474,-0.3859374641632674,0.32968747760260675,160,8,all_recorded_ungated,direction_bootstrap_4000,exp254_and_dose0_282,
qwen25_32b,Qwen2.5-32B,original_minus_unsteered_margin,1.0,random_mean,mean,-0.12656251259418327,-0.7969531392886042,0.46562496854671587,160,8,all_recorded_ungated,direction_bootstrap_4000,exp254_and_dose0_282,
qwen3_14b,Qwen3-14B,original_cache_margin,-1.0,valenced,valenced,-7.6958334076788155,-8.545937609222419,-6.816562519465186,60,1,all_recorded_ungated,skeleton_bootstrap_4000,exp254_and_dose0_282,
qwen3_14b,Qwen3-14B,original_cache_margin,-0.5,valenced,valenced,-7.0250000628022145,-8.054166739609231,-6.012395841740513,60,1,all_recorded_ungated,skeleton_bootstrap_4000,exp254_and_dose0_282,
qwen3_14b,Qwen3-14B,original_cache_margin,0.0,valenced,valenced,-0.5999999870647421,-2.0208333228789725,0.8791666552049444,60,1,all_recorded_ungated,skeleton_bootstrap_4000,exp254_and_dose0_282,measured60
qwen3_14b,Qwen3-14B,original_cache_margin,0.5,valenced,valenced,2.8416667242929656,1.5916667170452286,4.025000044863955,60,1,all_recorded_ungated,skeleton_bootstrap_4000,exp254_and_dose0_282,
qwen3_14b,Qwen3-14B,original_cache_margin,1.0,valenced,valenced,3.1541667115424668,2.2540625650866812,4.08760427616309,60,1,all_recorded_ungated,skeleton_bootstrap_4000,exp254_and_dose0_282,
qwen3_14b,Qwen3-14B,original_minus_unsteered_margin,-1.0,valenced,valenced,-1.949999878648801,-2.5063540855981308,-1.42916651040631,60,1,all_recorded_ungated,skeleton_bootstrap_4000,exp254_and_dose0_282,
qwen3_14b,Qwen3-14B,original_minus_unsteered_margin,-0.5,valenced,valenced,-2.4500000308228063,-2.7791667109212757,-2.1291667182867973,60,1,all_recorded_ungated,skeleton_bootstrap_4000,exp254_and_dose0_282,
qwen3_14b,Qwen3-14B,original_minus_unsteered_margin,0.0,valenced,valenced,0.0,,,60,1,all_recorded_ungated,constructed,exp254_and_dose0_282,constructed_difference
qwen3_14b,Qwen3-14B,original_minus_unsteered_margin,0.5,valenced,valenced,1.166666706967421,0.8707291813951628,1.4500000498144971,60,1,all_recorded_ungated,skeleton_bootstrap_4000,exp254_and_dose0_282,
qwen3_14b,Qwen3-14B,original_minus_unsteered_margin,1.0,valenced,valenced,1.7333333571364407,1.275000047652823,2.2041666424534463,60,1,all_recorded_ungated,skeleton_bootstrap_4000,exp254_and_dose0_282,
qwen3_14b,Qwen3-14B,original_cache_margin,-1.0,random_direction,0,0.3124999711973942,,,20,1,all_recorded_ungated,not_shown,exp254_and_dose0_282,
qwen3_14b,Qwen3-14B,original_cache_margin,-0.5,random_direction,0,0.42499995392973916,,,20,1,all_recorded_ungated,not_shown,exp254_and_dose0_282,
qwen3_14b,Qwen3-14B,original_cache_margin,0.0,random_direction,0,0.05000000123254615,,,20,1,all_recorded_ungated,not_shown,exp254_and_dose0_282,measured_shared20
qwen3_14b,Qwen3-14B,original_cache_margin,0.5,random_direction,0,-0.02499995509970212,,,20,1,all_recorded_ungated,not_shown,exp254_and_dose0_282,
qwen3_14b,Qwen3-14B,original_cache_margin,1.0,random_direction,0,-2.375000043315231,,,20,1,all_recorded_ungated,not_shown,exp254_and_dose0_282,
qwen3_14b,Qwen3-14B,original_cache_margin,-1.0,random_direction,1,-2.9875000261312663,,,20,1,all_recorded_ungated,not_shown,exp254_and_dose0_282,
qwen3_14b,Qwen3-14B,original_cache_margin,-0.5,random_direction,1,0.18749993382541846,,,20,1,all_recorded_ungated,not_shown,exp254_and_dose0_282,
qwen3_14b,Qwen3-14B,original_cache_margin,0.0,random_direction,1,0.05000000123254615,,,20,1,all_recorded_ungated,not_shown,exp254_and_dose0_282,measured_shared20
qwen3_14b,Qwen3-14B,original_cache_margin,0.5,random_direction,1,0.27500002898595144,,,20,1,all_recorded_ungated,not_shown,exp254_and_dose0_282,
qwen3_14b,Qwen3-14B,original_cache_margin,1.0,random_direction,1,-0.3249994349402641,,,20,1,all_recorded_ungated,not_shown,exp254_and_dose0_282,
qwen3_14b,Qwen3-14B,original_cache_margin,-1.0,random_direction,2,-0.9749999767983464,,,20,1,all_recorded_ungated,not_shown,exp254_and_dose0_282,
qwen3_14b,Qwen3-14B,original_cache_margin,-0.5,random_direction,2,0.15000002223316783,,,20,1,all_recorded_ungated,not_shown,exp254_and_dose0_282,
qwen3_14b,Qwen3-14B,original_cache_margin,0.0,random_direction,2,0.05000000123254615,,,20,1,all_recorded_ungated,not_shown,exp254_and_dose0_282,measured_shared20
qwen3_14b,Qwen3-14B,original_cache_margin,0.5,random_direction,2,0.23749993956807885,,,20,1,all_recorded_ungated,not_shown,exp254_and_dose0_282,
qwen3_14b,Qwen3-14B,original_cache_margin,1.0,random_direction,2,1.1125000280186128,,,20,1,all_recorded_ungated,not_shown,exp254_and_dose0_282,
qwen3_14b,Qwen3-14B,original_cache_margin,-1.0,random_direction,3,-1.225000040461964,,,20,1,all_recorded_ungated,not_shown,exp254_and_dose0_282,
qwen3_14b,Qwen3-14B,original_cache_margin,-0.5,random_direction,3,-0.04999999013407432,,,20,1,all_recorded_ungated,not_shown,exp254_and_dose0_282,
qwen3_14b,Qwen3-14B,original_cache_margin,0.0,random_direction,3,0.05000000123254615,,,20,1,all_recorded_ungated,not_shown,exp254_and_dose0_282,measured_shared20
qwen3_14b,Qwen3-14B,original_cache_margin,0.5,random_direction,3,-0.2750000571196097,,,20,1,all_recorded_ungated,not_shown,exp254_and_dose0_282,
qwen3_14b,Qwen3-14B,original_cache_margin,1.0,random_direction,3,-1.1499999696265917,,,20,1,all_recorded_ungated,not_shown,exp254_and_dose0_282,
qwen3_14b,Qwen3-14B,original_cache_margin,-1.0,random_direction,4,0.7874999992185068,,,20,1,all_recorded_ungated,not_shown,exp254_and_dose0_282,
qwen3_14b,Qwen3-14B,original_cache_margin,-0.5,random_direction,4,0.17499998375555456,,,20,1,all_recorded_ungated,not_shown,exp254_and_dose0_282,
qwen3_14b,Qwen3-14B,original_cache_margin,0.0,random_direction,4,0.05000000123254615,,,20,1,all_recorded_ungated,not_shown,exp254_and_dose0_282,measured_shared20
qwen3_14b,Qwen3-14B,original_cache_margin,0.5,random_direction,4,-0.4500000803604049,,,20,1,all_recorded_ungated,not_shown,exp254_and_dose0_282,
qwen3_14b,Qwen3-14B,original_cache_margin,1.0,random_direction,4,-2.512500005122996,,,20,1,all_recorded_ungated,not_shown,exp254_and_dose0_282,
qwen3_14b,Qwen3-14B,original_cache_margin,-1.0,random_direction,5,-1.5500000005569519,,,20,1,all_recorded_ungated,not_shown,exp254_and_dose0_282,
qwen3_14b,Qwen3-14B,original_cache_margin,-0.5,random_direction,5,1.3749999356112663,,,20,1,all_recorded_ungated,not_shown,exp254_and_dose0_282,
qwen3_14b,Qwen3-14B,original_cache_margin,0.0,random_direction,5,0.05000000123254615,,,20,1,all_recorded_ungated,not_shown,exp254_and_dose0_282,measured_shared20
qwen3_14b,Qwen3-14B,original_cache_margin,0.5,random_direction,5,0.17500000638717667,,,20,1,all_recorded_ungated,not_shown,exp254_and_dose0_282,
qwen3_14b,Qwen3-14B,original_cache_margin,1.0,random_direction,5,-0.03750001418593456,,,20,1,all_recorded_ungated,not_shown,exp254_and_dose0_282,
qwen3_14b,Qwen3-14B,original_cache_margin,-1.0,random_direction,6,-1.9749999853804183,,,20,1,all_recorded_ungated,not_shown,exp254_and_dose0_282,
qwen3_14b,Qwen3-14B,original_cache_margin,-0.5,random_direction,6,-0.2750000656363909,,,20,1,all_recorded_ungated,not_shown,exp254_and_dose0_282,
qwen3_14b,Qwen3-14B,original_cache_margin,0.0,random_direction,6,0.05000000123254615,,,20,1,all_recorded_ungated,not_shown,exp254_and_dose0_282,measured_shared20
qwen3_14b,Qwen3-14B,original_cache_margin,0.5,random_direction,6,1.2625000047479258,,,20,1,all_recorded_ungated,not_shown,exp254_and_dose0_282,
qwen3_14b,Qwen3-14B,original_cache_margin,1.0,random_direction,6,1.200000057680859,,,20,1,all_recorded_ungated,not_shown,exp254_and_dose0_282,
qwen3_14b,Qwen3-14B,original_cache_margin,-1.0,random_direction,7,2.362500014418856,,,20,1,all_recorded_ungated,not_shown,exp254_and_dose0_282,
qwen3_14b,Qwen3-14B,original_cache_margin,-0.5,random_direction,7,-0.049999978816051185,,,20,1,all_recorded_ungated,not_shown,exp254_and_dose0_282,
qwen3_14b,Qwen3-14B,original_cache_margin,0.0,random_direction,7,0.05000000123254615,,,20,1,all_recorded_ungated,not_shown,exp254_and_dose0_282,measured_shared20
qwen3_14b,Qwen3-14B,original_cache_margin,0.5,random_direction,7,-1.4749999686161115,,,20,1,all_recorded_ungated,not_shown,exp254_and_dose0_282,
qwen3_14b,Qwen3-14B,original_cache_margin,1.0,random_direction,7,-1.799999965385996,,,20,1,all_recorded_ungated,not_shown,exp254_and_dose0_282,
qwen3_14b,Qwen3-14B,original_cache_margin,-1.0,random_mean,mean,-0.6562500055617737,-1.725117198394064,0.5312499893721192,160,8,all_recorded_ungated,direction_bootstrap_4000,exp254_and_dose0_282,
qwen3_14b,Qwen3-14B,original_cache_margin,-0.5,random_mean,mean,0.24218747434607876,-0.02503909632145032,0.6031249568020047,160,8,all_recorded_ungated,direction_bootstrap_4000,exp254_and_dose0_282,
qwen3_14b,Qwen3-14B,original_cache_margin,0.0,random_mean,mean,0.05000000123254615,-2.4874999558336692,2.5624999578640573,20,8,all_recorded_ungated,shared20_skeleton_bootstrap_4000,exp254_and_dose0_282,measured_shared20
qwen3_14b,Qwen3-14B,original_cache_margin,0.5,random_mean,mean,-0.03437501018833691,-0.5531249980123346,0.45937498193575665,160,8,all_recorded_ungated,direction_bootstrap_4000,exp254_and_dose0_282,
qwen3_14b,Qwen3-14B,original_cache_margin,1.0,random_mean,mean,-0.7359374183596926,-1.6828515505247184,0.2547265906921287,160,8,all_recorded_ungated,direction_bootstrap_4000,exp254_and_dose0_282,
qwen3_14b,Qwen3-14B,original_minus_unsteered_margin,-1.0,random_direction,0,1.0374999565467307,,,20,1,all_recorded_ungated,not_shown,exp254_and_dose0_282,
qwen3_14b,Qwen3-14B,original_minus_unsteered_margin,-0.5,random_direction,0,0.22500000745513377,,,20,1,all_recorded_ungated,not_shown,exp254_and_dose0_282,
qwen3_14b,Qwen3-14B,original_minus_unsteered_margin,0.0,random_direction,0,0.0,,,20,1,all_recorded_ungated,not_shown,exp254_and_dose0_282,constructed_difference
qwen3_14b,Qwen3-14B,original_minus_unsteered_margin,0.5,random_direction,0,-0.08749996712417811,,,20,1,all_recorded_ungated,not_shown,exp254_and_dose0_282,
qwen3_14b,Qwen3-14B,original_minus_unsteered_margin,1.0,random_direction,0,-0.2500000612920303,,,20,1,all_recorded_ungated,not_shown,exp254_and_dose0_282,
qwen3_14b,Qwen3-14B,original_minus_unsteered_margin,-1.0,random_direction,1,-1.0624998258328162,,,20,1,all_recorded_ungated,not_shown,exp254_and_dose0_282,
qwen3_14b,Qwen3-14B,original_minus_unsteered_margin,-0.5,random_direction,1,-0.3125000570030124,,,20,1,all_recorded_ungated,not_shown,exp254_and_dose0_282,
qwen3_14b,Qwen3-14B,original_minus_unsteered_margin,0.0,random_direction,1,0.0,,,20,1,all_recorded_ungated,not_shown,exp254_and_dose0_282,constructed_difference
qwen3_14b,Qwen3-14B,original_minus_unsteered_margin,0.5,random_direction,1,0.312499973224665,,,20,1,all_recorded_ungated,not_shown,exp254_and_dose0_282,
qwen3_14b,Qwen3-14B,original_minus_unsteered_margin,1.0,random_direction,1,0.16250029110630065,,,20,1,all_recorded_ungated,not_shown,exp254_and_dose0_282,
qwen3_14b,Qwen3-14B,original_minus_unsteered_margin,-1.0,random_direction,2,-0.5249999311890076,,,20,1,all_recorded_ungated,not_shown,exp254_and_dose0_282,
qwen3_14b,Qwen3-14B,original_minus_unsteered_margin,-0.5,random_direction,2,-0.17499999593917437,,,20,1,all_recorded_ungated,not_shown,exp254_and_dose0_282,
qwen3_14b,Qwen3-14B,original_minus_unsteered_margin,0.0,random_direction,2,0.0,,,20,1,all_recorded_ungated,not_shown,exp254_and_dose0_282,constructed_difference
qwen3_14b,Qwen3-14B,original_minus_unsteered_margin,0.5,random_direction,2,-0.10000007745657022,,,20,1,all_recorded_ungated,not_shown,exp254_and_dose0_282,
qwen3_14b,Qwen3-14B,original_minus_unsteered_margin,1.0,random_direction,2,0.21249996074573402,,,20,1,all_recorded_ungated,not_shown,exp254_and_dose0_282,
qwen3_14b,Qwen3-14B,original_minus_unsteered_margin,-1.0,random_direction,3,-0.32500004002436034,,,20,1,all_recorded_ungated,not_shown,exp254_and_dose0_282,
qwen3_14b,Qwen3-14B,original_minus_unsteered_margin,-0.5,random_direction,3,-0.024999986364036532,,,20,1,all_recorded_ungated,not_shown,exp254_and_dose0_282,
qwen3_14b,Qwen3-14B,original_minus_unsteered_margin,0.0,random_direction,3,0.0,,,20,1,all_recorded_ungated,not_shown,exp254_and_dose0_282,constructed_difference
qwen3_14b,Qwen3-14B,original_minus_unsteered_margin,0.5,random_direction,3,-0.5875000352112238,,,20,1,all_recorded_ungated,not_shown,exp254_and_dose0_282,
qwen3_14b,Qwen3-14B,original_minus_unsteered_margin,1.0,random_direction,3,-1.4624999946092916,,,20,1,all_recorded_ungated,not_shown,exp254_and_dose0_282,
qwen3_14b,Qwen3-14B,original_minus_unsteered_margin,-1.0,random_direction,4,3.237500158642514,,,20,1,all_recorded_ungated,not_shown,exp254_and_dose0_282,
qwen3_14b,Qwen3-14B,original_minus_unsteered_margin,-0.5,random_direction,4,1.5624999965874107,,,20,1,all_recorded_ungated,not_shown,exp254_and_dose0_282,
qwen3_14b,Qwen3-14B,original_minus_unsteered_margin,0.0,random_direction,4,0.0,,,20,1,all_recorded_ungated,not_shown,exp254_and_dose0_282,constructed_difference
qwen3_14b,Qwen3-14B,original_minus_unsteered_margin,0.5,random_direction,4,-1.2750000719070183,,,20,1,all_recorded_ungated,not_shown,exp254_and_dose0_282,
qwen3_14b,Qwen3-14B,original_minus_unsteered_margin,1.0,random_direction,4,-2.2625000098867245,,,20,1,all_recorded_ungated,not_shown,exp254_and_dose0_282,
qwen3_14b,Qwen3-14B,original_minus_unsteered_margin,-1.0,random_direction,5,-0.4625000313005557,,,20,1,all_recorded_ungated,not_shown,exp254_and_dose0_282,
qwen3_14b,Qwen3-14B,original_minus_unsteered_margin,-0.5,random_direction,5,0.1124999938607388,,,20,1,all_recorded_ungated,not_shown,exp254_and_dose0_282,
qwen3_14b,Qwen3-14B,original_minus_unsteered_margin,0.0,random_direction,5,0.0,,,20,1,all_recorded_ungated,not_shown,exp254_and_dose0_282,constructed_difference
qwen3_14b,Qwen3-14B,original_minus_unsteered_margin,0.5,random_direction,5,0.20000003795565818,,,20,1,all_recorded_ungated,not_shown,exp254_and_dose0_282,
qwen3_14b,Qwen3-14B,original_minus_unsteered_margin,1.0,random_direction,5,0.1750000619796534,,,20,1,all_recorded_ungated,not_shown,exp254_and_dose0_282,
qwen3_14b,Qwen3-14B,original_minus_unsteered_margin,-1.0,random_direction,6,-2.2749999581985336,,,20,1,all_recorded_ungated,not_shown,exp254_and_dose0_282,
qwen3_14b,Qwen3-14B,original_minus_unsteered_margin,-0.5,random_direction,6,-0.7750000431780606,,,20,1,all_recorded_ungated,not_shown,exp254_and_dose0_282,
qwen3_14b,Qwen3-14B,original_minus_unsteered_margin,0.0,random_direction,6,0.0,,,20,1,all_recorded_ungated,not_shown,exp254_and_dose0_282,constructed_difference
qwen3_14b,Qwen3-14B,original_minus_unsteered_margin,0.5,random_direction,6,0.7374999964130435,,,20,1,all_recorded_ungated,not_shown,exp254_and_dose0_282,
qwen3_14b,Qwen3-14B,original_minus_unsteered_margin,1.0,random_direction,6,1.6375000034509655,,,20,1,all_recorded_ungated,not_shown,exp254_and_dose0_282,
qwen3_14b,Qwen3-14B,original_minus_unsteered_margin,-1.0,random_direction,7,0.8750000898768576,,,20,1,all_recorded_ungated,not_shown,exp254_and_dose0_282,
qwen3_14b,Qwen3-14B,original_minus_unsteered_margin,-0.5,random_direction,7,0.17500007288081143,,,20,1,all_recorded_ungated,not_shown,exp254_and_dose0_282,
qwen3_14b,Qwen3-14B,original_minus_unsteered_margin,0.0,random_direction,7,0.0,,,20,1,all_recorded_ungated,not_shown,exp254_and_dose0_282,constructed_difference
qwen3_14b,Qwen3-14B,original_minus_unsteered_margin,0.5,random_direction,7,0.16249999572246346,,,20,1,all_recorded_ungated,not_shown,exp254_and_dose0_282,
qwen3_14b,Qwen3-14B,original_minus_unsteered_margin,1.0,random_direction,7,-0.36249999313677106,,,20,1,all_recorded_ungated,not_shown,exp254_and_dose0_282,
qwen3_14b,Qwen3-14B,original_minus_unsteered_margin,-1.0,random_mean,mean,0.0625000523151036,-0.9251171299705953,1.17660167000232,160,8,all_recorded_ungated,direction_bootstrap_4000,exp254_and_dose0_282,
qwen3_14b,Qwen3-14B,original_minus_unsteered_margin,-0.5,random_mean,mean,0.09843749853747633,-0.28750000368269985,0.5718750038489941,160,8,all_recorded_ungated,direction_bootstrap_4000,exp254_and_dose0_282,
qwen3_14b,Qwen3-14B,original_minus_unsteered_margin,0.0,random_mean,mean,0.0,,,20,8,all_recorded_ungated,constructed,exp254_and_dose0_282,constructed_difference
qwen3_14b,Qwen3-14B,original_minus_unsteered_margin,0.5,random_mean,mean,-0.07968751854789503,-0.5062500370478519,0.28437499154787327,160,8,all_recorded_ungated,direction_bootstrap_4000,exp254_and_dose0_282,
qwen3_14b,Qwen3-14B,original_minus_unsteered_margin,1.0,random_mean,mean,-0.2687499677052705,-1.0328124712474556,0.4625000748304786,160,8,all_recorded_ungated,direction_bootstrap_4000,exp254_and_dose0_282,
qwen3_32b,Qwen3-32B,original_cache_margin,-1.0,valenced,valenced,-0.5812502554440205,-1.1291747810107036,-0.04994140028401925,60,1,all_recorded_ungated,skeleton_bootstrap_4000,exp254_and_dose0_282,
qwen3_32b,Qwen3-32B,original_cache_margin,-0.5,valenced,valenced,-0.18333053478204608,-0.5896591896660556,0.2270960499462259,60,1,all_recorded_ungated,skeleton_bootstrap_4000,exp254_and_dose0_282,
qwen3_32b,Qwen3-32B,original_cache_margin,0.0,valenced,valenced,-0.283308747084565,-0.7208993101611072,0.17086216192928164,60,1,all_recorded_ungated,skeleton_bootstrap_4000,exp254_and_dose0_282,measured60
qwen3_32b,Qwen3-32B,original_cache_margin,0.5,valenced,valenced,-0.5187755784801121,-0.9292003674546759,-0.10208325199101419,60,1,all_recorded_ungated,skeleton_bootstrap_4000,exp254_and_dose0_282,
qwen3_32b,Qwen3-32B,original_cache_margin,1.0,valenced,valenced,-0.739613071960603,-1.1416991652592603,-0.3145467055140939,60,1,all_recorded_ungated,skeleton_bootstrap_4000,exp254_and_dose0_282,
qwen3_32b,Qwen3-32B,original_minus_unsteered_margin,-1.0,valenced,valenced,-0.04165866567007015,-0.13749062801891673,0.05209043692008265,60,1,all_recorded_ungated,skeleton_bootstrap_4000,exp254_and_dose0_282,
qwen3_32b,Qwen3-32B,original_minus_unsteered_margin,-0.5,valenced,valenced,0.006254399575971093,-0.052073515328303295,0.06250465888570214,60,1,all_recorded_ungated,skeleton_bootstrap_4000,exp254_and_dose0_282,
qwen3_32b,Qwen3-32B,original_minus_unsteered_margin,0.0,valenced,valenced,0.0,,,60,1,all_recorded_ungated,constructed,exp254_and_dose0_282,constructed_difference
qwen3_32b,Qwen3-32B,original_minus_unsteered_margin,0.5,valenced,valenced,0.004163978407840811,-0.06249752691895774,0.07080658763363328,60,1,all_recorded_ungated,skeleton_bootstrap_4000,exp254_and_dose0_282,
qwen3_32b,Qwen3-32B,original_minus_unsteered_margin,1.0,valenced,valenced,0.08334787502044681,-0.012487154424738474,0.17924373412703237,60,1,all_recorded_ungated,skeleton_bootstrap_4000,exp254_and_dose0_282,
qwen3_32b,Qwen3-32B,original_cache_margin,-1.0,random_direction,0,-0.3875021807494704,,,20,1,all_recorded_ungated,not_shown,exp254_and_dose0_282,
qwen3_32b,Qwen3-32B,original_cache_margin,-0.5,random_direction,0,-0.2562440269607123,,,20,1,all_recorded_ungated,not_shown,exp254_and_dose0_282,
qwen3_32b,Qwen3-32B,original_cache_margin,0.0,random_direction,0,6.617192826752216e-05,,,20,1,all_recorded_ungated,not_shown,exp254_and_dose0_282,measured_shared20
qwen3_32b,Qwen3-32B,original_cache_margin,0.5,random_direction,0,-0.46875140336146615,,,20,1,all_recorded_ungated,not_shown,exp254_and_dose0_282,
qwen3_32b,Qwen3-32B,original_cache_margin,1.0,random_direction,0,-0.16249968691001868,,,20,1,all_recorded_ungated,not_shown,exp254_and_dose0_282,
qwen3_32b,Qwen3-32B,original_cache_margin,-1.0,random_direction,1,-0.24374318002489873,,,20,1,all_recorded_ungated,not_shown,exp254_and_dose0_282,
qwen3_32b,Qwen3-32B,original_cache_margin,-0.5,random_direction,1,-0.46253197455160944,,,20,1,all_recorded_ungated,not_shown,exp254_and_dose0_282,
qwen3_32b,Qwen3-32B,original_cache_margin,0.0,random_direction,1,6.617192826752216e-05,,,20,1,all_recorded_ungated,not_shown,exp254_and_dose0_282,measured_shared20
qwen3_32b,Qwen3-32B,original_cache_margin,0.5,random_direction,1,0.18120055451419148,,,20,1,all_recorded_ungated,not_shown,exp254_and_dose0_282,
qwen3_32b,Qwen3-32B,original_cache_margin,1.0,random_direction,1,0.06249221100129034,,,20,1,all_recorded_ungated,not_shown,exp254_and_dose0_282,
qwen3_32b,Qwen3-32B,original_cache_margin,-1.0,random_direction,2,-0.5313175494767506,,,20,1,all_recorded_ungated,not_shown,exp254_and_dose0_282,
qwen3_32b,Qwen3-32B,original_cache_margin,-0.5,random_direction,2,-0.22508271547408185,,,20,1,all_recorded_ungated,not_shown,exp254_and_dose0_282,
qwen3_32b,Qwen3-32B,original_cache_margin,0.0,random_direction,2,6.617192826752216e-05,,,20,1,all_recorded_ungated,not_shown,exp254_and_dose0_282,measured_shared20
qwen3_32b,Qwen3-32B,original_cache_margin,0.5,random_direction,2,-0.8062975900596143,,,20,1,all_recorded_ungated,not_shown,exp254_and_dose0_282,
qwen3_32b,Qwen3-32B,original_cache_margin,1.0,random_direction,2,-0.3437517645649564,,,20,1,all_recorded_ungated,not_shown,exp254_and_dose0_282,
qwen3_32b,Qwen3-32B,original_cache_margin,-1.0,random_direction,3,0.33125760837524465,,,20,1,all_recorded_ungated,not_shown,exp254_and_dose0_282,
qwen3_32b,Qwen3-32B,original_cache_margin,-0.5,random_direction,3,-0.312496282279335,,,20,1,all_recorded_ungated,not_shown,exp254_and_dose0_282,
qwen3_32b,Qwen3-32B,original_cache_margin,0.0,random_direction,3,6.617192826752216e-05,,,20,1,all_recorded_ungated,not_shown,exp254_and_dose0_282,measured_shared20
qwen3_32b,Qwen3-32B,original_cache_margin,0.5,random_direction,3,-0.15000186142410712,,,20,1,all_recorded_ungated,not_shown,exp254_and_dose0_282,
qwen3_32b,Qwen3-32B,original_cache_margin,1.0,random_direction,3,0.01852597572825516,,,20,1,all_recorded_ungated,not_shown,exp254_and_dose0_282,
qwen3_32b,Qwen3-32B,original_cache_margin,-1.0,random_direction,4,0.006252517731559238,,,20,1,all_recorded_ungated,not_shown,exp254_and_dose0_282,
qwen3_32b,Qwen3-32B,original_cache_margin,-0.5,random_direction,4,-0.1437452515844825,,,20,1,all_recorded_ungated,not_shown,exp254_and_dose0_282,
qwen3_32b,Qwen3-32B,original_cache_margin,0.0,random_direction,4,6.617192826752216e-05,,,20,1,all_recorded_ungated,not_shown,exp254_and_dose0_282,measured_shared20
qwen3_32b,Qwen3-32B,original_cache_margin,0.5,random_direction,4,-0.2937772185882295,,,20,1,all_recorded_ungated,not_shown,exp254_and_dose0_282,
qwen3_32b,Qwen3-32B,original_cache_margin,1.0,random_direction,4,-0.03136638117026678,,,20,1,all_recorded_ungated,not_shown,exp254_and_dose0_282,
qwen3_32b,Qwen3-32B,original_cache_margin,-1.0,random_direction,5,-0.30625678262168776,,,20,1,all_recorded_ungated,not_shown,exp254_and_dose0_282,
qwen3_32b,Qwen3-32B,original_cache_margin,-0.5,random_direction,5,-0.4374999560232936,,,20,1,all_recorded_ungated,not_shown,exp254_and_dose0_282,
qwen3_32b,Qwen3-32B,original_cache_margin,0.0,random_direction,5,6.617192826752216e-05,,,20,1,all_recorded_ungated,not_shown,exp254_and_dose0_282,measured_shared20
qwen3_32b,Qwen3-32B,original_cache_margin,0.5,random_direction,5,-0.36250397027022246,,,20,1,all_recorded_ungated,not_shown,exp254_and_dose0_282,
qwen3_32b,Qwen3-32B,original_cache_margin,1.0,random_direction,5,-0.11873151791040755,,,20,1,all_recorded_ungated,not_shown,exp254_and_dose0_282,
qwen3_32b,Qwen3-32B,original_cache_margin,-1.0,random_direction,6,0.28751634142471405,,,20,1,all_recorded_ungated,not_shown,exp254_and_dose0_282,
qwen3_32b,Qwen3-32B,original_cache_margin,-0.5,random_direction,6,0.08754193587843702,,,20,1,all_recorded_ungated,not_shown,exp254_and_dose0_282,
qwen3_32b,Qwen3-32B,original_cache_margin,0.0,random_direction,6,6.617192826752216e-05,,,20,1,all_recorded_ungated,not_shown,exp254_and_dose0_282,measured_shared20
qwen3_32b,Qwen3-32B,original_cache_margin,0.5,random_direction,6,-0.5062960333095134,,,20,1,all_recorded_ungated,not_shown,exp254_and_dose0_282,
qwen3_32b,Qwen3-32B,original_cache_margin,1.0,random_direction,6,-0.7750458097987234,,,20,1,all_recorded_ungated,not_shown,exp254_and_dose0_282,
qwen3_32b,Qwen3-32B,original_cache_margin,-1.0,random_direction,7,0.043751123551641055,,,20,1,all_recorded_ungated,not_shown,exp254_and_dose0_282,
qwen3_32b,Qwen3-32B,original_cache_margin,-0.5,random_direction,7,-0.24374544532294068,,,20,1,all_recorded_ungated,not_shown,exp254_and_dose0_282,
qwen3_32b,Qwen3-32B,original_cache_margin,0.0,random_direction,7,6.617192826752216e-05,,,20,1,all_recorded_ungated,not_shown,exp254_and_dose0_282,measured_shared20
qwen3_32b,Qwen3-32B,original_cache_margin,0.5,random_direction,7,-0.11256495453943671,,,20,1,all_recorded_ungated,not_shown,exp254_and_dose0_282,
qwen3_32b,Qwen3-32B,original_cache_margin,1.0,random_direction,7,-0.5187582926108121,,,20,1,all_recorded_ungated,not_shown,exp254_and_dose0_282,
qwen3_32b,Qwen3-32B,original_cache_margin,-1.0,random_mean,mean,-0.10000526272370606,-0.30079748303700027,0.09690056918364608,160,8,all_recorded_ungated,direction_bootstrap_4000,exp254_and_dose0_282,
qwen3_32b,Qwen3-32B,original_cache_margin,-0.5,random_mean,mean,-0.2492254645397523,-0.3562598815666317,-0.130461448466275,160,8,all_recorded_ungated,direction_bootstrap_4000,exp254_and_dose0_282,
qwen3_32b,Qwen3-32B,original_cache_margin,0.0,random_mean,mean,6.617192826752216e-05,-0.7875175037743708,0.8938321900306213,20,8,all_recorded_ungated,shared20_skeleton_bootstrap_4000,exp254_and_dose0_282,measured_shared20
qwen3_32b,Qwen3-32B,original_cache_margin,0.5,random_mean,mean,-0.31487405962979975,-0.5071255406245119,-0.1296888215945589,160,8,all_recorded_ungated,direction_bootstrap_4000,exp254_and_dose0_282,
qwen3_32b,Qwen3-32B,original_cache_margin,1.0,random_mean,mean,-0.2336419082794549,-0.4312941780478364,-0.06101985298110194,160,8,all_recorded_ungated,direction_bootstrap_4000,exp254_and_dose0_282,
qwen3_32b,Qwen3-32B,original_minus_unsteered_margin,-1.0,random_direction,0,-0.15624894584972254,,,20,1,all_recorded_ungated,not_shown,exp254_and_dose0_282,
qwen3_32b,Qwen3-32B,original_minus_unsteered_margin,-0.5,random_direction,0,-0.06250026671756359,,,20,1,all_recorded_ungated,not_shown,exp254_and_dose0_282,
qwen3_32b,Qwen3-32B,original_minus_unsteered_margin,0.0,random_direction,0,0.0,,,20,1,all_recorded_ungated,not_shown,exp254_and_dose0_282,constructed_difference
qwen3_32b,Qwen3-32B,original_minus_unsteered_margin,0.5,random_direction,0,0.02501228737052088,,,20,1,all_recorded_ungated,not_shown,exp254_and_dose0_282,
qwen3_32b,Qwen3-32B,original_minus_unsteered_margin,1.0,random_direction,0,-0.01250063991008119,,,20,1,all_recorded_ungated,not_shown,exp254_and_dose0_282,
qwen3_32b,Qwen3-32B,original_minus_unsteered_margin,-1.0,random_direction,1,-0.16249547338326237,,,20,1,all_recorded_ungated,not_shown,exp254_and_dose0_282,
qwen3_32b,Qwen3-32B,original_minus_unsteered_margin,-0.5,random_direction,1,-0.07499241509982539,,,20,1,all_recorded_ungated,not_shown,exp254_and_dose0_282,
qwen3_32b,Qwen3-32B,original_minus_unsteered_margin,0.0,random_direction,1,0.0,,,20,1,all_recorded_ungated,not_shown,exp254_and_dose0_282,constructed_difference
qwen3_32b,Qwen3-32B,original_minus_unsteered_margin,0.5,random_direction,1,0.09376332277920482,,,20,1,all_recorded_ungated,not_shown,exp254_and_dose0_282,
qwen3_32b,Qwen3-32B,original_minus_unsteered_margin,1.0,random_direction,1,0.10624290074295004,,,20,1,all_recorded_ungated,not_shown,exp254_and_dose0_282,
qwen3_32b,Qwen3-32B,original_minus_unsteered_margin,-1.0,random_direction,2,-0.050018172467412116,,,20,1,all_recorded_ungated,not_shown,exp254_and_dose0_282,
qwen3_32b,Qwen3-32B,original_minus_unsteered_margin,-0.5,random_direction,2,-0.018735152785438913,,,20,1,all_recorded_ungated,not_shown,exp254_and_dose0_282,
qwen3_32b,Qwen3-32B,original_minus_unsteered_margin,0.0,random_direction,2,0.0,,,20,1,all_recorded_ungated,not_shown,exp254_and_dose0_282,constructed_difference
qwen3_32b,Qwen3-32B,original_minus_unsteered_margin,0.5,random_direction,2,0.09374063776575667,,,20,1,all_recorded_ungated,not_shown,exp254_and_dose0_282,
qwen3_32b,Qwen3-32B,original_minus_unsteered_margin,1.0,random_direction,2,0.025001403745807237,,,20,1,all_recorded_ungated,not_shown,exp254_and_dose0_282,
qwen3_32b,Qwen3-32B,original_minus_unsteered_margin,-1.0,random_direction,3,0.29375151016126894,,,20,1,all_recorded_ungated,not_shown,exp254_and_dose0_282,
qwen3_32b,Qwen3-32B,original_minus_unsteered_margin,-0.5,random_direction,3,0.11250587083209211,,,20,1,all_recorded_ungated,not_shown,exp254_and_dose0_282,
qwen3_32b,Qwen3-32B,original_minus_unsteered_margin,0.0,random_direction,3,0.0,,,20,1,all_recorded_ungated,not_shown,exp254_and_dose0_282,constructed_difference
qwen3_32b,Qwen3-32B,original_minus_unsteered_margin,0.5,random_direction,3,-0.0375079639768046,,,20,1,all_recorded_ungated,not_shown,exp254_and_dose0_282,
qwen3_32b,Qwen3-32B,original_minus_unsteered_margin,1.0,random_direction,3,-0.11248952449335547,,,20,1,all_recorded_ungated,not_shown,exp254_and_dose0_282,
qwen3_32b,Qwen3-32B,original_minus_unsteered_margin,-1.0,random_direction,4,0.4500034166210753,,,20,1,all_recorded_ungated,not_shown,exp254_and_dose0_282,
qwen3_32b,Qwen3-32B,original_minus_unsteered_margin,-0.5,random_direction,4,0.09374982383083079,,,20,1,all_recorded_ungated,not_shown,exp254_and_dose0_282,
qwen3_32b,Qwen3-32B,original_minus_unsteered_margin,0.0,random_direction,4,0.0,,,20,1,all_recorded_ungated,not_shown,exp254_and_dose0_282,constructed_difference
qwen3_32b,Qwen3-32B,original_minus_unsteered_margin,0.5,random_direction,4,-0.08124489062151952,,,20,1,all_recorded_ungated,not_shown,exp254_and_dose0_282,
qwen3_32b,Qwen3-32B,original_minus_unsteered_margin,1.0,random_direction,4,-0.1999866450831746,,,20,1,all_recorded_ungated,not_shown,exp254_and_dose0_282,
qwen3_32b,Qwen3-32B,original_minus_unsteered_margin,-1.0,random_direction,5,-3.6376889511302578e-06,,,20,1,all_recorded_ungated,not_shown,exp254_and_dose0_282,
qwen3_32b,Qwen3-32B,original_minus_unsteered_margin,-0.5,random_direction,5,-0.05625411869380059,,,20,1,all_recorded_ungated,not_shown,exp254_and_dose0_282,
qwen3_32b,Qwen3-32B,original_minus_unsteered_margin,0.0,random_direction,5,0.0,,,20,1,all_recorded_ungated,not_shown,exp254_and_dose0_282,constructed_difference
qwen3_32b,Qwen3-32B,original_minus_unsteered_margin,0.5,random_direction,5,-0.03750161441012097,,,20,1,all_recorded_ungated,not_shown,exp254_and_dose0_282,
qwen3_32b,Qwen3-32B,original_minus_unsteered_margin,1.0,random_direction,5,0.037502943410788706,,,20,1,all_recorded_ungated,not_shown,exp254_and_dose0_282,
qwen3_32b,Qwen3-32B,original_minus_unsteered_margin,-1.0,random_direction,6,0.09375562928290719,,,20,1,all_recorded_ungated,not_shown,exp254_and_dose0_282,
qwen3_32b,Qwen3-32B,original_minus_unsteered_margin,-0.5,random_direction,6,0.12501047202323434,,,20,1,all_recorded_ungated,not_shown,exp254_and_dose0_282,
qwen3_32b,Qwen3-32B,original_minus_unsteered_margin,0.0,random_direction,6,0.0,,,20,1,all_recorded_ungated,not_shown,exp254_and_dose0_282,constructed_difference
qwen3_32b,Qwen3-32B,original_minus_unsteered_margin,0.5,random_direction,6,-0.1187465427117445,,,20,1,all_recorded_ungated,not_shown,exp254_and_dose0_282,
qwen3_32b,Qwen3-32B,original_minus_unsteered_margin,1.0,random_direction,6,-0.2937816714242672,,,20,1,all_recorded_ungated,not_shown,exp254_and_dose0_282,
qwen3_32b,Qwen3-32B,original_minus_unsteered_margin,-1.0,random_direction,7,0.01874535331009497,,,20,1,all_recorded_ungated,not_shown,exp254_and_dose0_282,
qwen3_32b,Qwen3-32B,original_minus_unsteered_margin,-0.5,random_direction,7,0.03125266312932808,,,20,1,all_recorded_ungated,not_shown,exp254_and_dose0_282,
qwen3_32b,Qwen3-32B,original_minus_unsteered_margin,0.0,random_direction,7,0.0,,,20,1,all_recorded_ungated,not_shown,exp254_and_dose0_282,constructed_difference
qwen3_32b,Qwen3-32B,original_minus_unsteered_margin,0.5,random_direction,7,-0.0875158296809218,,,20,1,all_recorded_ungated,not_shown,exp254_and_dose0_282,
qwen3_32b,Qwen3-32B,original_minus_unsteered_margin,1.0,random_direction,7,-0.15625608430330545,,,20,1,all_recorded_ungated,not_shown,exp254_and_dose0_282,
qwen3_32b,Qwen3-32B,original_minus_unsteered_margin,-1.0,random_mean,mean,0.06093620999824978,-0.06875446201917157,0.20861613701585446,160,8,all_recorded_ungated,direction_bootstrap_4000,exp254_and_dose0_282,
qwen3_32b,Qwen3-32B,original_minus_unsteered_margin,-0.5,random_mean,mean,0.018754609564857104,-0.03361154823383355,0.07188071708001778,160,8,all_recorded_ungated,direction_bootstrap_4000,exp254_and_dose0_282,
qwen3_32b,Qwen3-32B,original_minus_unsteered_margin,0.0,random_mean,mean,0.0,,,20,8,all_recorded_ungated,constructed,exp254_and_dose0_282,constructed_difference
qwen3_32b,Qwen3-32B,original_minus_unsteered_margin,0.5,random_mean,mean,-0.018750074185703625,-0.07031356257500224,0.03593501747780408,160,8,all_recorded_ungated,direction_bootstrap_4000,exp254_and_dose0_282,
qwen3_32b,Qwen3-32B,original_minus_unsteered_margin,1.0,random_mean,mean,-0.07578341466432975,-0.16563887046025128,0.009376675394561568,160,8,all_recorded_ungated,direction_bootstrap_4000,exp254_and_dose0_282,
mistral24b,Mistral-24B,original_cache_margin,-1.0,valenced,valenced,-0.7528067545538458,-0.9247874513712789,-0.5828565519640687,60,1,all_recorded_ungated,skeleton_bootstrap_4000,exp254_and_dose0_282,
mistral24b,Mistral-24B,original_cache_margin,-0.5,valenced,valenced,-0.44781193574890493,-0.6307918769061992,-0.2738842484310347,60,1,all_recorded_ungated,skeleton_bootstrap_4000,exp254_and_dose0_282,
mistral24b,Mistral-24B,original_cache_margin,0.0,valenced,valenced,-0.037760490481741724,-0.12326561194417687,0.04731612659369907,60,1,all_recorded_ungated,skeleton_bootstrap_4000,exp254_and_dose0_282,measured60
mistral24b,Mistral-24B,original_cache_margin,0.5,valenced,valenced,0.4190430004770557,0.24974621330746838,0.6008393927939081,60,1,all_recorded_ungated,skeleton_bootstrap_4000,exp254_and_dose0_282,
mistral24b,Mistral-24B,original_cache_margin,1.0,valenced,valenced,0.511304543997782,0.37177992485065864,0.6617677467101992,60,1,all_recorded_ungated,skeleton_bootstrap_4000,exp254_and_dose0_282,
mistral24b,Mistral-24B,original_minus_unsteered_margin,-1.0,valenced,valenced,-0.5900437924196013,-0.6652237486033119,-0.5170236042227286,60,1,all_recorded_ungated,skeleton_bootstrap_4000,exp254_and_dose0_282,
mistral24b,Mistral-24B,original_minus_unsteered_margin,-0.5,valenced,valenced,-0.2600833593906524,-0.30008741486526563,-0.22041315055258262,60,1,all_recorded_ungated,skeleton_bootstrap_4000,exp254_and_dose0_282,
mistral24b,Mistral-24B,original_minus_unsteered_margin,0.0,valenced,valenced,0.0,,,60,1,all_recorded_ungated,constructed,exp254_and_dose0_282,constructed_difference
mistral24b,Mistral-24B,original_minus_unsteered_margin,0.5,valenced,valenced,0.05854718795356651,0.03308903327580386,0.08367328460774541,60,1,all_recorded_ungated,skeleton_bootstrap_4000,exp254_and_dose0_282,
mistral24b,Mistral-24B,original_minus_unsteered_margin,1.0,valenced,valenced,-0.04209674256077657,-0.08088604516970614,-0.004124414577478692,60,1,all_recorded_ungated,skeleton_bootstrap_4000,exp254_and_dose0_282,
mistral24b,Mistral-24B,original_cache_margin,-1.0,random_direction,0,0.30193606021348385,,,20,1,all_recorded_ungated,not_shown,exp254_and_dose0_282,
mistral24b,Mistral-24B,original_cache_margin,-0.5,random_direction,0,0.05753766983980313,,,20,1,all_recorded_ungated,not_shown,exp254_and_dose0_282,
mistral24b,Mistral-24B,original_cache_margin,0.0,random_direction,0,0.01896421698620543,,,20,1,all_recorded_ungated,not_shown,exp254_and_dose0_282,measured_shared20
mistral24b,Mistral-24B,original_cache_margin,0.5,random_direction,0,0.044955479074269535,,,20,1,all_recorded_ungated,not_shown,exp254_and_dose0_282,
mistral24b,Mistral-24B,original_cache_margin,1.0,random_direction,0,-0.13763990574516355,,,20,1,all_recorded_ungated,not_shown,exp254_and_dose0_282,
mistral24b,Mistral-24B,original_cache_margin,-1.0,random_direction,1,0.07670198830310256,,,20,1,all_recorded_ungated,not_shown,exp254_and_dose0_282,
mistral24b,Mistral-24B,original_cache_margin,-0.5,random_direction,1,0.11910436472389847,,,20,1,all_recorded_ungated,not_shown,exp254_and_dose0_282,
mistral24b,Mistral-24B,original_cache_margin,0.0,random_direction,1,0.01896421698620543,,,20,1,all_recorded_ungated,not_shown,exp254_and_dose0_282,measured_shared20
mistral24b,Mistral-24B,original_cache_margin,0.5,random_direction,1,0.12581584161380305,,,20,1,all_recorded_ungated,not_shown,exp254_and_dose0_282,
mistral24b,Mistral-24B,original_cache_margin,1.0,random_direction,1,0.01950107963057235,,,20,1,all_recorded_ungated,not_shown,exp254_and_dose0_282,
mistral24b,Mistral-24B,original_cache_margin,-1.0,random_direction,2,0.20844438835047185,,,20,1,all_recorded_ungated,not_shown,exp254_and_dose0_282,
mistral24b,Mistral-24B,original_cache_margin,-0.5,random_direction,2,0.15821344945579768,,,20,1,all_recorded_ungated,not_shown,exp254_and_dose0_282,
mistral24b,Mistral-24B,original_cache_margin,0.0,random_direction,2,0.01896421698620543,,,20,1,all_recorded_ungated,not_shown,exp254_and_dose0_282,measured_shared20
mistral24b,Mistral-24B,original_cache_margin,0.5,random_direction,2,0.05132266842992976,,,20,1,all_recorded_ungated,not_shown,exp254_and_dose0_282,
mistral24b,Mistral-24B,original_cache_margin,1.0,random_direction,2,-0.1303874957608059,,,20,1,all_recorded_ungated,not_shown,exp254_and_dose0_282,
mistral24b,Mistral-24B,original_cache_margin,-1.0,random_direction,3,0.06421719916397706,,,20,1,all_recorded_ungated,not_shown,exp254_and_dose0_282,
mistral24b,Mistral-24B,original_cache_margin,-0.5,random_direction,3,0.013660949061159045,,,20,1,all_recorded_ungated,not_shown,exp254_and_dose0_282,
mistral24b,Mistral-24B,original_cache_margin,0.0,random_direction,3,0.01896421698620543,,,20,1,all_recorded_ungated,not_shown,exp254_and_dose0_282,measured_shared20
mistral24b,Mistral-24B,original_cache_margin,0.5,random_direction,3,0.07601559552131221,,,20,1,all_recorded_ungated,not_shown,exp254_and_dose0_282,
mistral24b,Mistral-24B,original_cache_margin,1.0,random_direction,3,0.16362848873250185,,,20,1,all_recorded_ungated,not_shown,exp254_and_dose0_282,
mistral24b,Mistral-24B,original_cache_margin,-1.0,random_direction,4,0.09536173086380587,,,20,1,all_recorded_ungated,not_shown,exp254_and_dose0_282,
mistral24b,Mistral-24B,original_cache_margin,-0.5,random_direction,4,0.08255868180422113,,,20,1,all_recorded_ungated,not_shown,exp254_and_dose0_282,
mistral24b,Mistral-24B,original_cache_margin,0.0,random_direction,4,0.01896421698620543,,,20,1,all_recorded_ungated,not_shown,exp254_and_dose0_282,measured_shared20
mistral24b,Mistral-24B,original_cache_margin,0.5,random_direction,4,0.025870595802553,,,20,1,all_recorded_ungated,not_shown,exp254_and_dose0_282,
mistral24b,Mistral-24B,original_cache_margin,1.0,random_direction,4,-0.28088897650595757,,,20,1,all_recorded_ungated,not_shown,exp254_and_dose0_282,
mistral24b,Mistral-24B,original_cache_margin,-1.0,random_direction,5,0.24575021133059635,,,20,1,all_recorded_ungated,not_shown,exp254_and_dose0_282,
mistral24b,Mistral-24B,original_cache_margin,-0.5,random_direction,5,0.045408705261070284,,,20,1,all_recorded_ungated,not_shown,exp254_and_dose0_282,
mistral24b,Mistral-24B,original_cache_margin,0.0,random_direction,5,0.01896421698620543,,,20,1,all_recorded_ungated,not_shown,exp254_and_dose0_282,measured_shared20
mistral24b,Mistral-24B,original_cache_margin,0.5,random_direction,5,0.08237034417688846,,,20,1,all_recorded_ungated,not_shown,exp254_and_dose0_282,
mistral24b,Mistral-24B,original_cache_margin,1.0,random_direction,5,-0.011625633691437542,,,20,1,all_recorded_ungated,not_shown,exp254_and_dose0_282,
mistral24b,Mistral-24B,original_cache_margin,-1.0,random_direction,6,-0.05075667559867725,,,20,1,all_recorded_ungated,not_shown,exp254_and_dose0_282,
mistral24b,Mistral-24B,original_cache_margin,-0.5,random_direction,6,-0.04347787968581542,,,20,1,all_recorded_ungated,not_shown,exp254_and_dose0_282,
mistral24b,Mistral-24B,original_cache_margin,0.0,random_direction,6,0.01896421698620543,,,20,1,all_recorded_ungated,not_shown,exp254_and_dose0_282,measured_shared20
mistral24b,Mistral-24B,original_cache_margin,0.5,random_direction,6,0.0957956503261812,,,20,1,all_recorded_ungated,not_shown,exp254_and_dose0_282,
mistral24b,Mistral-24B,original_cache_margin,1.0,random_direction,6,0.07628755337791518,,,20,1,all_recorded_ungated,not_shown,exp254_and_dose0_282,
mistral24b,Mistral-24B,original_cache_margin,-1.0,random_direction,7,0.1186801407020539,,,20,1,all_recorded_ungated,not_shown,exp254_and_dose0_282,
mistral24b,Mistral-24B,original_cache_margin,-0.5,random_direction,7,-0.03106677612522617,,,20,1,all_recorded_ungated,not_shown,exp254_and_dose0_282,
mistral24b,Mistral-24B,original_cache_margin,0.0,random_direction,7,0.01896421698620543,,,20,1,all_recorded_ungated,not_shown,exp254_and_dose0_282,measured_shared20
mistral24b,Mistral-24B,original_cache_margin,0.5,random_direction,7,-0.005204164725728333,,,20,1,all_recorded_ungated,not_shown,exp254_and_dose0_282,
mistral24b,Mistral-24B,original_cache_margin,1.0,random_direction,7,0.03235071487724781,,,20,1,all_recorded_ungated,not_shown,exp254_and_dose0_282,
mistral24b,Mistral-24B,original_cache_margin,-1.0,random_mean,mean,0.13254188041610176,0.05999505574505747,0.20479660133121805,160,8,all_recorded_ungated,direction_bootstrap_4000,exp254_and_dose0_282,
mistral24b,Mistral-24B,original_cache_margin,-0.5,random_mean,mean,0.05024239554186352,0.006258965527886176,0.09430074099363991,160,8,all_recorded_ungated,direction_bootstrap_4000,exp254_and_dose0_282,
mistral24b,Mistral-24B,original_cache_margin,0.0,random_mean,mean,0.01896421698620543,-0.12517372271977364,0.1562384860994644,20,8,all_recorded_ungated,shared20_skeleton_bootstrap_4000,exp254_and_dose0_282,measured_shared20
mistral24b,Mistral-24B,original_cache_margin,0.5,random_mean,mean,0.06211775127740111,0.03479343687213259,0.08873360527450133,160,8,all_recorded_ungated,direction_bootstrap_4000,exp254_and_dose0_282,
mistral24b,Mistral-24B,original_cache_margin,1.0,random_mean,mean,-0.03359677188564092,-0.12831641646334901,0.05490072509888705,160,8,all_recorded_ungated,direction_bootstrap_4000,exp254_and_dose0_282,
mistral24b,Mistral-24B,original_minus_unsteered_margin,-1.0,random_direction,0,0.062407272798009214,,,20,1,all_recorded_ungated,not_shown,exp254_and_dose0_282,
mistral24b,Mistral-24B,original_minus_unsteered_margin,-0.5,random_direction,0,0.037482769088819624,,,20,1,all_recorded_ungated,not_shown,exp254_and_dose0_282,
mistral24b,Mistral-24B,original_minus_unsteered_margin,0.0,random_direction,0,0.0,,,20,1,all_recorded_ungated,not_shown,exp254_and_dose0_282,constructed_difference
mistral24b,Mistral-24B,original_minus_unsteered_margin,0.5,random_direction,0,-0.018791402189526706,,,20,1,all_recorded_ungated,not_shown,exp254_and_dose0_282,
mistral24b,Mistral-24B,original_minus_unsteered_margin,1.0,random_direction,0,-0.08232915009139105,,,20,1,all_recorded_ungated,not_shown,exp254_and_dose0_282,
mistral24b,Mistral-24B,original_minus_unsteered_margin,-1.0,random_direction,1,-0.056797346519306305,,,20,1,all_recorded_ungated,not_shown,exp254_and_dose0_282,
mistral24b,Mistral-24B,original_minus_unsteered_margin,-0.5,random_direction,1,-0.018443331797607244,,,20,1,all_recorded_ungated,not_shown,exp254_and_dose0_282,
mistral24b,Mistral-24B,original_minus_unsteered_margin,0.0,random_direction,1,0.0,,,20,1,all_recorded_ungated,not_shown,exp254_and_dose0_282,constructed_difference
mistral24b,Mistral-24B,original_minus_unsteered_margin,0.5,random_direction,1,0.030757880897726863,,,20,1,all_recorded_ungated,not_shown,exp254_and_dose0_282,
mistral24b,Mistral-24B,original_minus_unsteered_margin,1.0,random_direction,1,0.04256901431363076,,,20,1,all_recorded_ungated,not_shown,exp254_and_dose0_282,
mistral24b,Mistral-24B,original_minus_unsteered_margin,-1.0,random_direction,2,0.011887281271629035,,,20,1,all_recorded_ungated,not_shown,exp254_and_dose0_282,
mistral24b,Mistral-24B,original_minus_unsteered_margin,-0.5,random_direction,2,0.012332910264376551,,,20,1,all_recorded_ungated,not_shown,exp254_and_dose0_282,
mistral24b,Mistral-24B,original_minus_unsteered_margin,0.0,random_direction,2,0.0,,,20,1,all_recorded_ungated,not_shown,exp254_and_dose0_282,constructed_difference
mistral24b,Mistral-24B,original_minus_unsteered_margin,0.5,random_direction,2,-0.10034959164913744,,,20,1,all_recorded_ungated,not_shown,exp254_and_dose0_282,
mistral24b,Mistral-24B,original_minus_unsteered_margin,1.0,random_direction,2,-0.1636536159319803,,,20,1,all_recorded_ungated,not_shown,exp254_and_dose0_282,
mistral24b,Mistral-24B,original_minus_unsteered_margin,-1.0,random_direction,3,-0.05001146923750639,,,20,1,all_recorded_ungated,not_shown,exp254_and_dose0_282,
mistral24b,Mistral-24B,original_minus_unsteered_margin,-0.5,random_direction,3,0.012573369883466513,,,20,1,all_recorded_ungated,not_shown,exp254_and_dose0_282,
mistral24b,Mistral-24B,original_minus_unsteered_margin,0.0,random_direction,3,0.0,,,20,1,all_recorded_ungated,not_shown,exp254_and_dose0_282,constructed_difference
mistral24b,Mistral-24B,original_minus_unsteered_margin,0.5,random_direction,3,-0.0004269464290700853,,,20,1,all_recorded_ungated,not_shown,exp254_and_dose0_282,
mistral24b,Mistral-24B,original_minus_unsteered_margin,1.0,random_direction,3,-0.057027498818933965,,,20,1,all_recorded_ungated,not_shown,exp254_and_dose0_282,
mistral24b,Mistral-24B,original_minus_unsteered_margin,-1.0,random_direction,4,-0.01273343649227172,,,20,1,all_recorded_ungated,not_shown,exp254_and_dose0_282,
mistral24b,Mistral-24B,original_minus_unsteered_margin,-0.5,random_direction,4,0.012510110181756318,,,20,1,all_recorded_ungated,not_shown,exp254_and_dose0_282,
mistral24b,Mistral-24B,original_minus_unsteered_margin,0.0,random_direction,4,0.0,,,20,1,all_recorded_ungated,not_shown,exp254_and_dose0_282,constructed_difference
mistral24b,Mistral-24B,original_minus_unsteered_margin,0.5,random_direction,4,-0.03143056418048218,,,20,1,all_recorded_ungated,not_shown,exp254_and_dose0_282,
mistral24b,Mistral-24B,original_minus_unsteered_margin,1.0,random_direction,4,-0.07524925409816205,,,20,1,all_recorded_ungated,not_shown,exp254_and_dose0_282,
mistral24b,Mistral-24B,original_minus_unsteered_margin,-1.0,random_direction,5,-0.012899175367783755,,,20,1,all_recorded_ungated,not_shown,exp254_and_dose0_282,
mistral24b,Mistral-24B,original_minus_unsteered_margin,-0.5,random_direction,5,0.05644092654110864,,,20,1,all_recorded_ungated,not_shown,exp254_and_dose0_282,
mistral24b,Mistral-24B,original_minus_unsteered_margin,0.0,random_direction,5,0.0,,,20,1,all_recorded_ungated,not_shown,exp254_and_dose0_282,constructed_difference
mistral24b,Mistral-24B,original_minus_unsteered_margin,0.5,random_direction,5,-0.0318581253872253,,,20,1,all_recorded_ungated,not_shown,exp254_and_dose0_282,
mistral24b,Mistral-24B,original_minus_unsteered_margin,1.0,random_direction,5,-0.14471293380483985,,,20,1,all_recorded_ungated,not_shown,exp254_and_dose0_282,
mistral24b,Mistral-24B,original_minus_unsteered_margin,-1.0,random_direction,6,-0.22102943125646562,,,20,1,all_recorded_ungated,not_shown,exp254_and_dose0_282,
mistral24b,Mistral-24B,original_minus_unsteered_margin,-0.5,random_direction,6,-0.057043890352360904,,,20,1,all_recorded_ungated,not_shown,exp254_and_dose0_282,
mistral24b,Mistral-24B,original_minus_unsteered_margin,0.0,random_direction,6,0.0,,,20,1,all_recorded_ungated,not_shown,exp254_and_dose0_282,constructed_difference
mistral24b,Mistral-24B,original_minus_unsteered_margin,0.5,random_direction,6,0.03814170170808211,,,20,1,all_recorded_ungated,not_shown,exp254_and_dose0_282,
mistral24b,Mistral-24B,original_minus_unsteered_margin,1.0,random_direction,6,-0.02422215389087796,,,20,1,all_recorded_ungated,not_shown,exp254_and_dose0_282,
mistral24b,Mistral-24B,original_minus_unsteered_margin,-1.0,random_direction,7,-0.17865069061517716,,,20,1,all_recorded_ungated,not_shown,exp254_and_dose0_282,
mistral24b,Mistral-24B,original_minus_unsteered_margin,-0.5,random_direction,7,-0.019787143857683986,,,20,1,all_recorded_ungated,not_shown,exp254_and_dose0_282,
mistral24b,Mistral-24B,original_minus_unsteered_margin,0.0,random_direction,7,0.0,,,20,1,all_recorded_ungated,not_shown,exp254_and_dose0_282,constructed_difference
mistral24b,Mistral-24B,original_minus_unsteered_margin,0.5,random_direction,7,0.012497035088017583,,,20,1,all_recorded_ungated,not_shown,exp254_and_dose0_282,
mistral24b,Mistral-24B,original_minus_unsteered_margin,1.0,random_direction,7,0.025034137826878577,,,20,1,all_recorded_ungated,not_shown,exp254_and_dose0_282,
mistral24b,Mistral-24B,original_minus_unsteered_margin,-1.0,random_mean,mean,-0.05722837442735909,-0.12334993822558314,0.001997742705862034,160,8,all_recorded_ungated,direction_bootstrap_4000,exp254_and_dose0_282,
mistral24b,Mistral-24B,original_minus_unsteered_margin,-0.5,random_mean,mean,0.004508214993984438,-0.019283919290464833,0.02735216447643325,160,8,all_recorded_ungated,direction_bootstrap_4000,exp254_and_dose0_282,
mistral24b,Mistral-24B,original_minus_unsteered_margin,0.0,random_mean,mean,0.0,,,20,8,all_recorded_ungated,constructed,exp254_and_dose0_282,constructed_difference
mistral24b,Mistral-24B,original_minus_unsteered_margin,0.5,random_mean,mean,-0.012682501517701896,-0.04317676392820431,0.013793777926584885,160,8,all_recorded_ungated,direction_bootstrap_4000,exp254_and_dose0_282,
mistral24b,Mistral-24B,original_minus_unsteered_margin,1.0,random_mean,mean,-0.05994893181195948,-0.10694292106432841,-0.01235516479744546,160,8,all_recorded_ungated,direction_bootstrap_4000,exp254_and_dose0_282,
gemma3_27b,Gemma-3-27B,original_cache_margin,-1.0,valenced,valenced,-7.041666646916623,-9.490052079064673,-4.537291650476924,60,1,all_recorded_ungated,skeleton_bootstrap_4000,exp254_and_dose0_282,
gemma3_27b,Gemma-3-27B,original_cache_margin,-0.5,valenced,valenced,-4.843750045942417,-7.639635521158363,-2.0807292280863616,60,1,all_recorded_ungated,skeleton_bootstrap_4000,exp254_and_dose0_282,
gemma3_27b,Gemma-3-27B,original_cache_margin,0.0,valenced,valenced,2.0625001147790627,-0.9397395898950603,5.027135394772122,60,1,all_recorded_ungated,skeleton_bootstrap_4000,exp254_and_dose0_282,measured60
gemma3_27b,Gemma-3-27B,original_cache_margin,0.5,valenced,valenced,-5.91666663979377,-8.487604145752519,-3.286874927134446,60,1,all_recorded_ungated,skeleton_bootstrap_4000,exp254_and_dose0_282,
gemma3_27b,Gemma-3-27B,original_cache_margin,1.0,valenced,valenced,-8.706250587206295,-11.2250000163443,-6.154116914728227,60,1,all_recorded_ungated,skeleton_bootstrap_4000,exp254_and_dose0_282,
gemma3_27b,Gemma-3-27B,original_minus_unsteered_margin,-1.0,valenced,valenced,-3.2625000242156545,-3.9166667277678155,-2.6478645884600813,60,1,all_recorded_ungated,skeleton_bootstrap_4000,exp254_and_dose0_282,
gemma3_27b,Gemma-3-27B,original_minus_unsteered_margin,-0.5,valenced,valenced,-0.9937500233329745,-1.3771353979976304,-0.6624478038376003,60,1,all_recorded_ungated,skeleton_bootstrap_4000,exp254_and_dose0_282,
gemma3_27b,Gemma-3-27B,original_minus_unsteered_margin,0.0,valenced,valenced,0.0,,,60,1,all_recorded_ungated,constructed,exp254_and_dose0_282,constructed_difference
gemma3_27b,Gemma-3-27B,original_minus_unsteered_margin,0.5,valenced,valenced,-1.349999991005835,-1.7959375424575386,-0.9416667176908687,60,1,all_recorded_ungated,skeleton_bootstrap_4000,exp254_and_dose0_282,
gemma3_27b,Gemma-3-27B,original_minus_unsteered_margin,1.0,valenced,valenced,-4.412500661527732,-5.239635507557978,-3.652084002840428,60,1,all_recorded_ungated,skeleton_bootstrap_4000,exp254_and_dose0_282,
gemma3_27b,Gemma-3-27B,original_cache_margin,-1.0,random_direction,0,-4.231250032699623,,,20,1,all_recorded_ungated,not_shown,exp254_and_dose0_282,
gemma3_27b,Gemma-3-27B,original_cache_margin,-0.5,random_direction,0,0.3062499558332206,,,20,1,all_recorded_ungated,not_shown,exp254_and_dose0_282,
gemma3_27b,Gemma-3-27B,original_cache_margin,0.0,random_direction,0,1.6874998925462266,,,20,1,all_recorded_ungated,not_shown,exp254_and_dose0_282,measured_shared20
gemma3_27b,Gemma-3-27B,original_cache_margin,0.5,random_direction,0,3.2999999549417423,,,20,1,all_recorded_ungated,not_shown,exp254_and_dose0_282,
gemma3_27b,Gemma-3-27B,original_cache_margin,1.0,random_direction,0,-5.675004208054841,,,20,1,all_recorded_ungated,not_shown,exp254_and_dose0_282,
gemma3_27b,Gemma-3-27B,original_cache_margin,-1.0,random_direction,1,0.8374999990928498,,,20,1,all_recorded_ungated,not_shown,exp254_and_dose0_282,
gemma3_27b,Gemma-3-27B,original_cache_margin,-0.5,random_direction,1,4.549999960848089,,,20,1,all_recorded_ungated,not_shown,exp254_and_dose0_282,
gemma3_27b,Gemma-3-27B,original_cache_margin,0.0,random_direction,1,1.6874998925462266,,,20,1,all_recorded_ungated,not_shown,exp254_and_dose0_282,measured_shared20
gemma3_27b,Gemma-3-27B,original_cache_margin,0.5,random_direction,1,0.3562499510329843,,,20,1,all_recorded_ungated,not_shown,exp254_and_dose0_282,
gemma3_27b,Gemma-3-27B,original_cache_margin,1.0,random_direction,1,-3.256249987488792,,,20,1,all_recorded_ungated,not_shown,exp254_and_dose0_282,
gemma3_27b,Gemma-3-27B,original_cache_margin,-1.0,random_direction,2,-1.8124999979719405,,,20,1,all_recorded_ungated,not_shown,exp254_and_dose0_282,
gemma3_27b,Gemma-3-27B,original_cache_margin,-0.5,random_direction,2,1.249999942408304,,,20,1,all_recorded_ungated,not_shown,exp254_and_dose0_282,
gemma3_27b,Gemma-3-27B,original_cache_margin,0.0,random_direction,2,1.6874998925462266,,,20,1,all_recorded_ungated,not_shown,exp254_and_dose0_282,measured_shared20
gemma3_27b,Gemma-3-27B,original_cache_margin,0.5,random_direction,2,0.10000002610230858,,,20,1,all_recorded_ungated,not_shown,exp254_and_dose0_282,
gemma3_27b,Gemma-3-27B,original_cache_margin,1.0,random_direction,2,-6.356249988673601,,,20,1,all_recorded_ungated,not_shown,exp254_and_dose0_282,
gemma3_27b,Gemma-3-27B,original_cache_margin,-1.0,random_direction,3,-2.400000762758288,,,20,1,all_recorded_ungated,not_shown,exp254_and_dose0_282,
gemma3_27b,Gemma-3-27B,original_cache_margin,-0.5,random_direction,3,0.8374999894703127,,,20,1,all_recorded_ungated,not_shown,exp254_and_dose0_282,
gemma3_27b,Gemma-3-27B,original_cache_margin,0.0,random_direction,3,1.6874998925462266,,,20,1,all_recorded_ungated,not_shown,exp254_and_dose0_282,measured_shared20
gemma3_27b,Gemma-3-27B,original_cache_margin,0.5,random_direction,3,-4.837500086761787,,,20,1,all_recorded_ungated,not_shown,exp254_and_dose0_282,
gemma3_27b,Gemma-3-27B,original_cache_margin,1.0,random_direction,3,-3.687500522247123,,,20,1,all_recorded_ungated,not_shown,exp254_and_dose0_282,
gemma3_27b,Gemma-3-27B,original_cache_margin,-1.0,random_direction,4,-1.6187500269081834,,,20,1,all_recorded_ungated,not_shown,exp254_and_dose0_282,
gemma3_27b,Gemma-3-27B,original_cache_margin,-0.5,random_direction,4,3.2749999828363245,,,20,1,all_recorded_ungated,not_shown,exp254_and_dose0_282,
gemma3_27b,Gemma-3-27B,original_cache_margin,0.0,random_direction,4,1.6874998925462266,,,20,1,all_recorded_ungated,not_shown,exp254_and_dose0_282,measured_shared20
gemma3_27b,Gemma-3-27B,original_cache_margin,0.5,random_direction,4,2.787499974017078,,,20,1,all_recorded_ungated,not_shown,exp254_and_dose0_282,
gemma3_27b,Gemma-3-27B,original_cache_margin,1.0,random_direction,4,0.4749999740424983,,,20,1,all_recorded_ungated,not_shown,exp254_and_dose0_282,
gemma3_27b,Gemma-3-27B,original_cache_margin,-1.0,random_direction,5,-2.4187504471381476,,,20,1,all_recorded_ungated,not_shown,exp254_and_dose0_282,
gemma3_27b,Gemma-3-27B,original_cache_margin,-0.5,random_direction,5,0.49374981791429595,,,20,1,all_recorded_ungated,not_shown,exp254_and_dose0_282,
gemma3_27b,Gemma-3-27B,original_cache_margin,0.0,random_direction,5,1.6874998925462266,,,20,1,all_recorded_ungated,not_shown,exp254_and_dose0_282,measured_shared20
gemma3_27b,Gemma-3-27B,original_cache_margin,0.5,random_direction,5,-0.21249995213522083,,,20,1,all_recorded_ungated,not_shown,exp254_and_dose0_282,
gemma3_27b,Gemma-3-27B,original_cache_margin,1.0,random_direction,5,-4.993756186065402,,,20,1,all_recorded_ungated,not_shown,exp254_and_dose0_282,
gemma3_27b,Gemma-3-27B,original_cache_margin,-1.0,random_direction,6,-7.056250220338542,,,20,1,all_recorded_ungated,not_shown,exp254_and_dose0_282,
gemma3_27b,Gemma-3-27B,original_cache_margin,-0.5,random_direction,6,4.6374999226220455,,,20,1,all_recorded_ungated,not_shown,exp254_and_dose0_282,
gemma3_27b,Gemma-3-27B,original_cache_margin,0.0,random_direction,6,1.6874998925462266,,,20,1,all_recorded_ungated,not_shown,exp254_and_dose0_282,measured_shared20
gemma3_27b,Gemma-3-27B,original_cache_margin,0.5,random_direction,6,6.755541691268306,,,20,1,all_recorded_ungated,not_shown,exp254_and_dose0_282,
gemma3_27b,Gemma-3-27B,original_cache_margin,1.0,random_direction,6,-1.000000049394819,,,20,1,all_recorded_ungated,not_shown,exp254_and_dose0_282,
gemma3_27b,Gemma-3-27B,original_cache_margin,-1.0,random_direction,7,-5.950000855304945,,,20,1,all_recorded_ungated,not_shown,exp254_and_dose0_282,
gemma3_27b,Gemma-3-27B,original_cache_margin,-0.5,random_direction,7,-3.100000004036933,,,20,1,all_recorded_ungated,not_shown,exp254_and_dose0_282,
gemma3_27b,Gemma-3-27B,original_cache_margin,0.0,random_direction,7,1.6874998925462266,,,20,1,all_recorded_ungated,not_shown,exp254_and_dose0_282,measured_shared20
gemma3_27b,Gemma-3-27B,original_cache_margin,0.5,random_direction,7,-1.7000000566784117,,,20,1,all_recorded_ungated,not_shown,exp254_and_dose0_282,
gemma3_27b,Gemma-3-27B,original_cache_margin,1.0,random_direction,7,-8.40625109453353,,,20,1,all_recorded_ungated,not_shown,exp254_and_dose0_282,
gemma3_27b,Gemma-3-27B,original_cache_margin,-1.0,random_mean,mean,-3.0812502930033525,-4.714258100115431,-1.501562590248306,160,8,all_recorded_ungated,direction_bootstrap_4000,exp254_and_dose0_282,
gemma3_27b,Gemma-3-27B,original_cache_margin,-0.5,random_mean,mean,1.5312499459869575,-0.16650394562157664,3.1640624519034435,160,8,all_recorded_ungated,direction_bootstrap_4000,exp254_and_dose0_282,
gemma3_27b,Gemma-3-27B,original_cache_margin,0.0,random_mean,mean,1.6874998925462266,-2.9753125256520363,6.250312400788976,20,8,all_recorded_ungated,shared20_skeleton_bootstrap_4000,exp254_and_dose0_282,measured_shared20
gemma3_27b,Gemma-3-27B,original_cache_margin,0.5,random_mean,mean,0.8186614377233749,-1.4054687664043533,3.1399243292817793,160,8,all_recorded_ungated,direction_bootstrap_4000,exp254_and_dose0_282,
gemma3_27b,Gemma-3-27B,original_cache_margin,1.0,random_mean,mean,-4.112501507801952,-5.900606809254208,-2.226486669283254,160,8,all_recorded_ungated,direction_bootstrap_4000,exp254_and_dose0_282,
gemma3_27b,Gemma-3-27B,original_minus_unsteered_margin,-1.0,random_direction,0,-6.531249929463482,,,20,1,all_recorded_ungated,not_shown,exp254_and_dose0_282,
gemma3_27b,Gemma-3-27B,original_minus_unsteered_margin,-0.5,random_direction,0,-2.081249959928658,,,20,1,all_recorded_ungated,not_shown,exp254_and_dose0_282,
gemma3_27b,Gemma-3-27B,original_minus_unsteered_margin,0.0,random_direction,0,0.0,,,20,1,all_recorded_ungated,not_shown,exp254_and_dose0_282,constructed_difference
gemma3_27b,Gemma-3-27B,original_minus_unsteered_margin,0.5,random_direction,0,-0.9375000574659367,,,20,1,all_recorded_ungated,not_shown,exp254_and_dose0_282,
gemma3_27b,Gemma-3-27B,original_minus_unsteered_margin,1.0,random_direction,0,-2.1125042170232344,,,20,1,all_recorded_ungated,not_shown,exp254_and_dose0_282,
gemma3_27b,Gemma-3-27B,original_minus_unsteered_margin,-1.0,random_direction,1,-3.2500000158867577,,,20,1,all_recorded_ungated,not_shown,exp254_and_dose0_282,
gemma3_27b,Gemma-3-27B,original_minus_unsteered_margin,-0.5,random_direction,1,-0.0499999975242492,,,20,1,all_recorded_ungated,not_shown,exp254_and_dose0_282,
gemma3_27b,Gemma-3-27B,original_minus_unsteered_margin,0.0,random_direction,1,0.0,,,20,1,all_recorded_ungated,not_shown,exp254_and_dose0_282,constructed_difference
gemma3_27b,Gemma-3-27B,original_minus_unsteered_margin,0.5,random_direction,1,-1.537500051446436,,,20,1,all_recorded_ungated,not_shown,exp254_and_dose0_282,
gemma3_27b,Gemma-3-27B,original_minus_unsteered_margin,1.0,random_direction,1,-3.7937500798772232,,,20,1,all_recorded_ungated,not_shown,exp254_and_dose0_282,
gemma3_27b,Gemma-3-27B,original_minus_unsteered_margin,-1.0,random_direction,2,-5.812499909910565,,,20,1,all_recorded_ungated,not_shown,exp254_and_dose0_282,
gemma3_27b,Gemma-3-27B,original_minus_unsteered_margin,-0.5,random_direction,2,-1.462500015994199,,,20,1,all_recorded_ungated,not_shown,exp254_and_dose0_282,
gemma3_27b,Gemma-3-27B,original_minus_unsteered_margin,0.0,random_direction,2,0.0,,,20,1,all_recorded_ungated,not_shown,exp254_and_dose0_282,constructed_difference
gemma3_27b,Gemma-3-27B,original_minus_unsteered_margin,0.5,random_direction,2,-1.8999999739909534,,,20,1,all_recorded_ungated,not_shown,exp254_and_dose0_282,
gemma3_27b,Gemma-3-27B,original_minus_unsteered_margin,1.0,random_direction,2,-4.693750032884171,,,20,1,all_recorded_ungated,not_shown,exp254_and_dose0_282,
gemma3_27b,Gemma-3-27B,original_minus_unsteered_margin,-1.0,random_direction,3,-3.862500686972208,,,20,1,all_recorded_ungated,not_shown,exp254_and_dose0_282,
gemma3_27b,Gemma-3-27B,original_minus_unsteered_margin,-0.5,random_direction,3,0.706249989738535,,,20,1,all_recorded_ungated,not_shown,exp254_and_dose0_282,
gemma3_27b,Gemma-3-27B,original_minus_unsteered_margin,0.0,random_direction,3,0.0,,,20,1,all_recorded_ungated,not_shown,exp254_and_dose0_282,constructed_difference
gemma3_27b,Gemma-3-27B,original_minus_unsteered_margin,0.5,random_direction,3,-2.562500167502149,,,20,1,all_recorded_ungated,not_shown,exp254_and_dose0_282,
gemma3_27b,Gemma-3-27B,original_minus_unsteered_margin,1.0,random_direction,3,-4.587500556366304,,,20,1,all_recorded_ungated,not_shown,exp254_and_dose0_282,
gemma3_27b,Gemma-3-27B,original_minus_unsteered_margin,-1.0,random_direction,4,-4.656250031936658,,,20,1,all_recorded_ungated,not_shown,exp254_and_dose0_282,
gemma3_27b,Gemma-3-27B,original_minus_unsteered_margin,-0.5,random_direction,4,-2.9375000647227982,,,20,1,all_recorded_ungated,not_shown,exp254_and_dose0_282,
gemma3_27b,Gemma-3-27B,original_minus_unsteered_margin,0.0,random_direction,4,0.0,,,20,1,all_recorded_ungated,not_shown,exp254_and_dose0_282,constructed_difference
gemma3_27b,Gemma-3-27B,original_minus_unsteered_margin,0.5,random_direction,4,1.1374999396819025,,,20,1,all_recorded_ungated,not_shown,exp254_and_dose0_282,
gemma3_27b,Gemma-3-27B,original_minus_unsteered_margin,1.0,random_direction,4,-1.6624999539856133,,,20,1,all_recorded_ungated,not_shown,exp254_and_dose0_282,
gemma3_27b,Gemma-3-27B,original_minus_unsteered_margin,-1.0,random_direction,5,-4.531250432602976,,,20,1,all_recorded_ungated,not_shown,exp254_and_dose0_282,
gemma3_27b,Gemma-3-27B,original_minus_unsteered_margin,-0.5,random_direction,5,-2.2937500842811605,,,20,1,all_recorded_ungated,not_shown,exp254_and_dose0_282,
gemma3_27b,Gemma-3-27B,original_minus_unsteered_margin,0.0,random_direction,5,0.0,,,20,1,all_recorded_ungated,not_shown,exp254_and_dose0_282,constructed_difference
gemma3_27b,Gemma-3-27B,original_minus_unsteered_margin,0.5,random_direction,5,-0.5312498578936108,,,20,1,all_recorded_ungated,not_shown,exp254_and_dose0_282,
gemma3_27b,Gemma-3-27B,original_minus_unsteered_margin,1.0,random_direction,5,-3.5500061953242907,,,20,1,all_recorded_ungated,not_shown,exp254_and_dose0_282,
gemma3_27b,Gemma-3-27B,original_minus_unsteered_margin,-1.0,random_direction,6,-5.5062502346705795,,,20,1,all_recorded_ungated,not_shown,exp254_and_dose0_282,
gemma3_27b,Gemma-3-27B,original_minus_unsteered_margin,-0.5,random_direction,6,-2.2875001437534426,,,20,1,all_recorded_ungated,not_shown,exp254_and_dose0_282,
gemma3_27b,Gemma-3-27B,original_minus_unsteered_margin,0.0,random_direction,6,0.0,,,20,1,all_recorded_ungated,not_shown,exp254_and_dose0_282,constructed_difference
gemma3_27b,Gemma-3-27B,original_minus_unsteered_margin,0.5,random_direction,6,0.005541753089118373,,,20,1,all_recorded_ungated,not_shown,exp254_and_dose0_282,
gemma3_27b,Gemma-3-27B,original_minus_unsteered_margin,1.0,random_direction,6,-2.587500024973903,,,20,1,all_recorded_ungated,not_shown,exp254_and_dose0_282,
gemma3_27b,Gemma-3-27B,original_minus_unsteered_margin,-1.0,random_direction,7,-3.6375008726521956,,,20,1,all_recorded_ungated,not_shown,exp254_and_dose0_282,
gemma3_27b,Gemma-3-27B,original_minus_unsteered_margin,-0.5,random_direction,7,-1.6375000330412373,,,20,1,all_recorded_ungated,not_shown,exp254_and_dose0_282,
gemma3_27b,Gemma-3-27B,original_minus_unsteered_margin,0.0,random_direction,7,0.0,,,20,1,all_recorded_ungated,not_shown,exp254_and_dose0_282,constructed_difference
gemma3_27b,Gemma-3-27B,original_minus_unsteered_margin,0.5,random_direction,7,-1.662500048055986,,,20,1,all_recorded_ungated,not_shown,exp254_and_dose0_282,
gemma3_27b,Gemma-3-27B,original_minus_unsteered_margin,1.0,random_direction,7,-2.518751167039623,,,20,1,all_recorded_ungated,not_shown,exp254_and_dose0_282,
gemma3_27b,Gemma-3-27B,original_minus_unsteered_margin,-1.0,random_mean,mean,-4.723437764261928,-5.504843802092878,-4.0030862148827815,160,8,all_recorded_ungated,direction_bootstrap_4000,exp254_and_dose0_282,
gemma3_27b,Gemma-3-27B,original_minus_unsteered_margin,-0.5,random_mean,mean,-1.505468788688401,-2.2359765905508153,-0.6420312761796181,160,8,all_recorded_ungated,direction_bootstrap_4000,exp254_and_dose0_282,
gemma3_27b,Gemma-3-27B,original_minus_unsteered_margin,0.0,random_mean,mean,0.0,,,20,8,all_recorded_ungated,constructed,exp254_and_dose0_282,constructed_difference
gemma3_27b,Gemma-3-27B,original_minus_unsteered_margin,0.5,random_mean,mean,-0.9985260579480066,-1.7289062961605195,-0.2173646184750159,160,8,all_recorded_ungated,direction_bootstrap_4000,exp254_and_dose0_282,
gemma3_27b,Gemma-3-27B,original_minus_unsteered_margin,1.0,random_mean,mean,-3.188282778434295,-3.9235556401264042,-2.4866419811233524,160,8,all_recorded_ungated,direction_bootstrap_4000,exp254_and_dose0_282,
llama31_8b,Llama-3.1-8B,original_cache_margin,-1.0,valenced,valenced,-2.4751803239162786,-3.1418868489061365,-1.8021539111680946,60,1,all_recorded_ungated,skeleton_bootstrap_4000,exp254_and_dose0_282,
llama31_8b,Llama-3.1-8B,original_cache_margin,-0.5,valenced,valenced,-2.129357748530621,-2.8021582613871554,-1.479217979785644,60,1,all_recorded_ungated,skeleton_bootstrap_4000,exp254_and_dose0_282,
llama31_8b,Llama-3.1-8B,original_cache_margin,0.0,valenced,valenced,0.4062437467489971,-0.08543340449633824,0.8958363952944143,60,1,all_recorded_ungated,skeleton_bootstrap_4000,exp254_and_dose0_282,measured60
llama31_8b,Llama-3.1-8B,original_cache_margin,0.5,valenced,valenced,1.3062584605726513,0.7937084384431934,1.831256876699293,60,1,all_recorded_ungated,skeleton_bootstrap_4000,exp254_and_dose0_282,
llama31_8b,Llama-3.1-8B,original_cache_margin,1.0,valenced,valenced,1.7062507555984856,1.1436988690581045,2.2563052493177143,60,1,all_recorded_ungated,skeleton_bootstrap_4000,exp254_and_dose0_282,
llama31_8b,Llama-3.1-8B,original_minus_unsteered_margin,-1.0,valenced,valenced,-1.1772525907336373,-1.3419890829059413,-1.0251496375016194,60,1,all_recorded_ungated,skeleton_bootstrap_4000,exp254_and_dose0_282,
llama31_8b,Llama-3.1-8B,original_minus_unsteered_margin,-0.5,valenced,valenced,-0.6354840368988047,-0.7274193614326483,-0.5500718588860396,60,1,all_recorded_ungated,skeleton_bootstrap_4000,exp254_and_dose0_282,
llama31_8b,Llama-3.1-8B,original_minus_unsteered_margin,0.0,valenced,valenced,0.0,,,60,1,all_recorded_ungated,constructed,exp254_and_dose0_282,constructed_difference
llama31_8b,Llama-3.1-8B,original_minus_unsteered_margin,0.5,valenced,valenced,0.6062548044090609,0.5354215997383549,0.6791679492365387,60,1,all_recorded_ungated,skeleton_bootstrap_4000,exp254_and_dose0_282,
llama31_8b,Llama-3.1-8B,original_minus_unsteered_margin,1.0,valenced,valenced,1.0479166752421956,0.9333348419824412,1.160417714568171,60,1,all_recorded_ungated,skeleton_bootstrap_4000,exp254_and_dose0_282,
llama31_8b,Llama-3.1-8B,original_cache_margin,-1.0,random_direction,0,0.1562501779976458,,,20,1,all_recorded_ungated,not_shown,exp254_and_dose0_282,
llama31_8b,Llama-3.1-8B,original_cache_margin,-0.5,random_direction,0,0.9500023459416003,,,20,1,all_recorded_ungated,not_shown,exp254_and_dose0_282,
llama31_8b,Llama-3.1-8B,original_cache_margin,0.0,random_direction,0,0.7312512391726159,,,20,1,all_recorded_ungated,not_shown,exp254_and_dose0_282,measured_shared20
llama31_8b,Llama-3.1-8B,original_cache_margin,0.5,random_direction,0,0.19375200992937494,,,20,1,all_recorded_ungated,not_shown,exp254_and_dose0_282,
llama31_8b,Llama-3.1-8B,original_cache_margin,1.0,random_direction,0,-0.2937513246074914,,,20,1,all_recorded_ungated,not_shown,exp254_and_dose0_282,
llama31_8b,Llama-3.1-8B,original_cache_margin,-1.0,random_direction,1,0.01250167641561859,,,20,1,all_recorded_ungated,not_shown,exp254_and_dose0_282,
llama31_8b,Llama-3.1-8B,original_cache_margin,-0.5,random_direction,1,0.2812605660420047,,,20,1,all_recorded_ungated,not_shown,exp254_and_dose0_282,
llama31_8b,Llama-3.1-8B,original_cache_margin,0.0,random_direction,1,0.7312512391726159,,,20,1,all_recorded_ungated,not_shown,exp254_and_dose0_282,measured_shared20
llama31_8b,Llama-3.1-8B,original_cache_margin,0.5,random_direction,1,0.13750349525170408,,,20,1,all_recorded_ungated,not_shown,exp254_and_dose0_282,
llama31_8b,Llama-3.1-8B,original_cache_margin,1.0,random_direction,1,0.3749887485336899,,,20,1,all_recorded_ungated,not_shown,exp254_and_dose0_282,
llama31_8b,Llama-3.1-8B,original_cache_margin,-1.0,random_direction,2,0.6312542361391678,,,20,1,all_recorded_ungated,not_shown,exp254_and_dose0_282,
llama31_8b,Llama-3.1-8B,original_cache_margin,-0.5,random_direction,2,0.7000030579536329,,,20,1,all_recorded_ungated,not_shown,exp254_and_dose0_282,
llama31_8b,Llama-3.1-8B,original_cache_margin,0.0,random_direction,2,0.7312512391726159,,,20,1,all_recorded_ungated,not_shown,exp254_and_dose0_282,measured_shared20
llama31_8b,Llama-3.1-8B,original_cache_margin,0.5,random_direction,2,0.2812561746037986,,,20,1,all_recorded_ungated,not_shown,exp254_and_dose0_282,
llama31_8b,Llama-3.1-8B,original_cache_margin,1.0,random_direction,2,-0.6812462486243547,,,20,1,all_recorded_ungated,not_shown,exp254_and_dose0_282,
llama31_8b,Llama-3.1-8B,original_cache_margin,-1.0,random_direction,3,0.012491115562184518,,,20,1,all_recorded_ungated,not_shown,exp254_and_dose0_282,
llama31_8b,Llama-3.1-8B,original_cache_margin,-0.5,random_direction,3,0.5312546975743941,,,20,1,all_recorded_ungated,not_shown,exp254_and_dose0_282,
llama31_8b,Llama-3.1-8B,original_cache_margin,0.0,random_direction,3,0.7312512391726159,,,20,1,all_recorded_ungated,not_shown,exp254_and_dose0_282,measured_shared20
llama31_8b,Llama-3.1-8B,original_cache_margin,0.5,random_direction,3,-0.04374872980612991,,,20,1,all_recorded_ungated,not_shown,exp254_and_dose0_282,
llama31_8b,Llama-3.1-8B,original_cache_margin,1.0,random_direction,3,0.06249963249445045,,,20,1,all_recorded_ungated,not_shown,exp254_and_dose0_282,
llama31_8b,Llama-3.1-8B,original_cache_margin,-1.0,random_direction,4,0.15625164945616987,,,20,1,all_recorded_ungated,not_shown,exp254_and_dose0_282,
llama31_8b,Llama-3.1-8B,original_cache_margin,-0.5,random_direction,4,0.1687345726529049,,,20,1,all_recorded_ungated,not_shown,exp254_and_dose0_282,
llama31_8b,Llama-3.1-8B,original_cache_margin,0.0,random_direction,4,0.7312512391726159,,,20,1,all_recorded_ungated,not_shown,exp254_and_dose0_282,measured_shared20
llama31_8b,Llama-3.1-8B,original_cache_margin,0.5,random_direction,4,0.13749758570376117,,,20,1,all_recorded_ungated,not_shown,exp254_and_dose0_282,
llama31_8b,Llama-3.1-8B,original_cache_margin,1.0,random_direction,4,-0.23124955399268962,,,20,1,all_recorded_ungated,not_shown,exp254_and_dose0_282,
llama31_8b,Llama-3.1-8B,original_cache_margin,-1.0,random_direction,5,1.4937608155040494,,,20,1,all_recorded_ungated,not_shown,exp254_and_dose0_282,
llama31_8b,Llama-3.1-8B,original_cache_margin,-0.5,random_direction,5,1.0625034069647772,,,20,1,all_recorded_ungated,not_shown,exp254_and_dose0_282,
llama31_8b,Llama-3.1-8B,original_cache_margin,0.0,random_direction,5,0.7312512391726159,,,20,1,all_recorded_ungated,not_shown,exp254_and_dose0_282,measured_shared20
llama31_8b,Llama-3.1-8B,original_cache_margin,0.5,random_direction,5,-0.48125190570841453,,,20,1,all_recorded_ungated,not_shown,exp254_and_dose0_282,
llama31_8b,Llama-3.1-8B,original_cache_margin,1.0,random_direction,5,-0.899998337803051,,,20,1,all_recorded_ungated,not_shown,exp254_and_dose0_282,
llama31_8b,Llama-3.1-8B,original_cache_margin,-1.0,random_direction,6,0.5000017625215577,,,20,1,all_recorded_ungated,not_shown,exp254_and_dose0_282,
llama31_8b,Llama-3.1-8B,original_cache_margin,-0.5,random_direction,6,0.21250253009663567,,,20,1,all_recorded_ungated,not_shown,exp254_and_dose0_282,
llama31_8b,Llama-3.1-8B,original_cache_margin,0.0,random_direction,6,0.7312512391726159,,,20,1,all_recorded_ungated,not_shown,exp254_and_dose0_282,measured_shared20
llama31_8b,Llama-3.1-8B,original_cache_margin,0.5,random_direction,6,0.2562500012473709,,,20,1,all_recorded_ungated,not_shown,exp254_and_dose0_282,
llama31_8b,Llama-3.1-8B,original_cache_margin,1.0,random_direction,6,1.0875049055627657,,,20,1,all_recorded_ungated,not_shown,exp254_and_dose0_282,
llama31_8b,Llama-3.1-8B,original_cache_margin,-1.0,random_direction,7,-0.006250252664591472,,,20,1,all_recorded_ungated,not_shown,exp254_and_dose0_282,
llama31_8b,Llama-3.1-8B,original_cache_margin,-0.5,random_direction,7,0.25625186677415857,,,20,1,all_recorded_ungated,not_shown,exp254_and_dose0_282,
llama31_8b,Llama-3.1-8B,original_cache_margin,0.0,random_direction,7,0.7312512391726159,,,20,1,all_recorded_ungated,not_shown,exp254_and_dose0_282,measured_shared20
llama31_8b,Llama-3.1-8B,original_cache_margin,0.5,random_direction,7,-0.006253148590685598,,,20,1,all_recorded_ungated,not_shown,exp254_and_dose0_282,
llama31_8b,Llama-3.1-8B,original_cache_margin,1.0,random_direction,7,0.725023644559424,,,20,1,all_recorded_ungated,not_shown,exp254_and_dose0_282,
llama31_8b,Llama-3.1-8B,original_cache_margin,-1.0,random_mean,mean,0.36953264761647525,0.08671991853621039,0.7406307401347363,160,8,all_recorded_ungated,direction_bootstrap_4000,exp254_and_dose0_282,
llama31_8b,Llama-3.1-8B,original_cache_margin,-0.5,random_mean,mean,0.5203141305000136,0.3109345509401171,0.7585974210627003,160,8,all_recorded_ungated,direction_bootstrap_4000,exp254_and_dose0_282,
llama31_8b,Llama-3.1-8B,original_cache_margin,0.0,random_mean,mean,0.7312512391726159,-0.03765760830544641,1.5312501890046275,20,8,all_recorded_ungated,shared20_skeleton_bootstrap_4000,exp254_and_dose0_282,measured_shared20
llama31_8b,Llama-3.1-8B,original_cache_margin,0.5,random_mean,mean,0.05937568532884746,-0.11802779432088883,0.19140738744464977,160,8,all_recorded_ungated,direction_bootstrap_4000,exp254_and_dose0_282,
llama31_8b,Llama-3.1-8B,original_cache_margin,1.0,random_mean,mean,0.017971433265342923,-0.4117108087704211,0.47735592802273386,160,8,all_recorded_ungated,direction_bootstrap_4000,exp254_and_dose0_282,
llama31_8b,Llama-3.1-8B,original_minus_unsteered_margin,-1.0,random_direction,0,0.3687484919023703,,,20,1,all_recorded_ungated,not_shown,exp254_and_dose0_282,
llama31_8b,Llama-3.1-8B,original_minus_unsteered_margin,-0.5,random_direction,0,0.23749980121054648,,,20,1,all_recorded_ungated,not_shown,exp254_and_dose0_282,
llama31_8b,Llama-3.1-8B,original_minus_unsteered_margin,0.0,random_direction,0,0.0,,,20,1,all_recorded_ungated,not_shown,exp254_and_dose0_282,constructed_difference
llama31_8b,Llama-3.1-8B,original_minus_unsteered_margin,0.5,random_direction,0,-0.300001861801826,,,20,1,all_recorded_ungated,not_shown,exp254_and_dose0_282,
llama31_8b,Llama-3.1-8B,original_minus_unsteered_margin,1.0,random_direction,0,-0.5562518234228946,,,20,1,all_recorded_ungated,not_shown,exp254_and_dose0_282,
llama31_8b,Llama-3.1-8B,original_minus_unsteered_margin,-1.0,random_direction,1,-0.2625002934577395,,,20,1,all_recorded_ungated,not_shown,exp254_and_dose0_282,
llama31_8b,Llama-3.1-8B,original_minus_unsteered_margin,-0.5,random_direction,1,-0.10624796757362417,,,20,1,all_recorded_ungated,not_shown,exp254_and_dose0_282,
llama31_8b,Llama-3.1-8B,original_minus_unsteered_margin,0.0,random_direction,1,0.0,,,20,1,all_recorded_ungated,not_shown,exp254_and_dose0_282,constructed_difference
llama31_8b,Llama-3.1-8B,original_minus_unsteered_margin,0.5,random_direction,1,0.08124817267855348,,,20,1,all_recorded_ungated,not_shown,exp254_and_dose0_282,
llama31_8b,Llama-3.1-8B,original_minus_unsteered_margin,1.0,random_direction,1,0.08123935013739433,,,20,1,all_recorded_ungated,not_shown,exp254_and_dose0_282,
llama31_8b,Llama-3.1-8B,original_minus_unsteered_margin,-1.0,random_direction,2,-0.293754610497966,,,20,1,all_recorded_ungated,not_shown,exp254_and_dose0_282,
llama31_8b,Llama-3.1-8B,original_minus_unsteered_margin,-0.5,random_direction,2,-0.10625007651769067,,,20,1,all_recorded_ungated,not_shown,exp254_and_dose0_282,
llama31_8b,Llama-3.1-8B,original_minus_unsteered_margin,0.0,random_direction,2,0.0,,,20,1,all_recorded_ungated,not_shown,exp254_and_dose0_282,constructed_difference
llama31_8b,Llama-3.1-8B,original_minus_unsteered_margin,0.5,random_direction,2,0.01249748496131815,,,20,1,all_recorded_ungated,not_shown,exp254_and_dose0_282,
llama31_8b,Llama-3.1-8B,original_minus_unsteered_margin,1.0,random_direction,2,-0.056261129821477594,,,20,1,all_recorded_ungated,not_shown,exp254_and_dose0_282,
llama31_8b,Llama-3.1-8B,original_minus_unsteered_margin,-1.0,random_direction,3,0.2062914911683265,,,20,1,all_recorded_ungated,not_shown,exp254_and_dose0_282,
llama31_8b,Llama-3.1-8B,original_minus_unsteered_margin,-0.5,random_direction,3,0.10625130019698759,,,20,1,all_recorded_ungated,not_shown,exp254_and_dose0_282,
llama31_8b,Llama-3.1-8B,original_minus_unsteered_margin,0.0,random_direction,3,0.0,,,20,1,all_recorded_ungated,not_shown,exp254_and_dose0_282,constructed_difference
llama31_8b,Llama-3.1-8B,original_minus_unsteered_margin,0.5,random_direction,3,-0.1625009674426181,,,20,1,all_recorded_ungated,not_shown,exp254_and_dose0_282,
llama31_8b,Llama-3.1-8B,original_minus_unsteered_margin,1.0,random_direction,3,-0.4312534887032001,,,20,1,all_recorded_ungated,not_shown,exp254_and_dose0_282,
llama31_8b,Llama-3.1-8B,original_minus_unsteered_margin,-1.0,random_direction,4,0.018751126291521557,,,20,1,all_recorded_ungated,not_shown,exp254_and_dose0_282,
llama31_8b,Llama-3.1-8B,original_minus_unsteered_margin,-0.5,random_direction,4,0.018761081450423944,,,20,1,all_recorded_ungated,not_shown,exp254_and_dose0_282,
llama31_8b,Llama-3.1-8B,original_minus_unsteered_margin,0.0,random_direction,4,0.0,,,20,1,all_recorded_ungated,not_shown,exp254_and_dose0_282,constructed_difference
llama31_8b,Llama-3.1-8B,original_minus_unsteered_margin,0.5,random_direction,4,-0.012501988187861458,,,20,1,all_recorded_ungated,not_shown,exp254_and_dose0_282,
llama31_8b,Llama-3.1-8B,original_minus_unsteered_margin,1.0,random_direction,4,-0.21250180888918918,,,20,1,all_recorded_ungated,not_shown,exp254_and_dose0_282,
llama31_8b,Llama-3.1-8B,original_minus_unsteered_margin,-1.0,random_direction,5,0.13749408909704322,,,20,1,all_recorded_ungated,not_shown,exp254_and_dose0_282,
llama31_8b,Llama-3.1-8B,original_minus_unsteered_margin,-0.5,random_direction,5,0.1937506271343196,,,20,1,all_recorded_ungated,not_shown,exp254_and_dose0_282,
llama31_8b,Llama-3.1-8B,original_minus_unsteered_margin,0.0,random_direction,5,0.0,,,20,1,all_recorded_ungated,not_shown,exp254_and_dose0_282,constructed_difference
llama31_8b,Llama-3.1-8B,original_minus_unsteered_margin,0.5,random_direction,5,-0.24375060917040373,,,20,1,all_recorded_ungated,not_shown,exp254_and_dose0_282,
llama31_8b,Llama-3.1-8B,original_minus_unsteered_margin,1.0,random_direction,5,-0.3624993764603108,,,20,1,all_recorded_ungated,not_shown,exp254_and_dose0_282,
llama31_8b,Llama-3.1-8B,original_minus_unsteered_margin,-1.0,random_direction,6,-0.24375197074493826,,,20,1,all_recorded_ungated,not_shown,exp254_and_dose0_282,
llama31_8b,Llama-3.1-8B,original_minus_unsteered_margin,-0.5,random_direction,6,-0.05000010253301816,,,20,1,all_recorded_ungated,not_shown,exp254_and_dose0_282,
llama31_8b,Llama-3.1-8B,original_minus_unsteered_margin,0.0,random_direction,6,0.0,,,20,1,all_recorded_ungated,not_shown,exp254_and_dose0_282,constructed_difference
llama31_8b,Llama-3.1-8B,original_minus_unsteered_margin,0.5,random_direction,6,-5.286153921701952e-07,,,20,1,all_recorded_ungated,not_shown,exp254_and_dose0_282,
llama31_8b,Llama-3.1-8B,original_minus_unsteered_margin,1.0,random_direction,6,-0.2375015815694102,,,20,1,all_recorded_ungated,not_shown,exp254_and_dose0_282,
llama31_8b,Llama-3.1-8B,original_minus_unsteered_margin,-1.0,random_direction,7,0.03750104660672946,,,20,1,all_recorded_ungated,not_shown,exp254_and_dose0_282,
llama31_8b,Llama-3.1-8B,original_minus_unsteered_margin,-0.5,random_direction,7,0.037500781694342324,,,20,1,all_recorded_ungated,not_shown,exp254_and_dose0_282,
llama31_8b,Llama-3.1-8B,original_minus_unsteered_margin,0.0,random_direction,7,0.0,,,20,1,all_recorded_ungated,not_shown,exp254_and_dose0_282,constructed_difference
llama31_8b,Llama-3.1-8B,original_minus_unsteered_margin,0.5,random_direction,7,-0.08125605389632255,,,20,1,all_recorded_ungated,not_shown,exp254_and_dose0_282,
llama31_8b,Llama-3.1-8B,original_minus_unsteered_margin,1.0,random_direction,7,-0.33126024974652923,,,20,1,all_recorded_ungated,not_shown,exp254_and_dose0_282,
llama31_8b,Llama-3.1-8B,original_minus_unsteered_margin,-1.0,random_mean,mean,-0.0039025787043315855,-0.15703311031912884,0.14922388908876147,160,8,all_recorded_ungated,direction_bootstrap_4000,exp254_and_dose0_282,
llama31_8b,Llama-3.1-8B,original_minus_unsteered_margin,-0.5,random_mean,mean,0.04140818063278586,-0.04062428626203316,0.12343957137006338,160,8,all_recorded_ungated,direction_bootstrap_4000,exp254_and_dose0_282,
llama31_8b,Llama-3.1-8B,original_minus_unsteered_margin,0.0,random_mean,mean,0.0,,,20,8,all_recorded_ungated,constructed,exp254_and_dose0_282,constructed_difference
llama31_8b,Llama-3.1-8B,original_minus_unsteered_margin,0.5,random_mean,mean,-0.08828329393431904,-0.17347916449167497,-0.005470669961895511,160,8,all_recorded_ungated,direction_bootstrap_4000,exp254_and_dose0_282,
llama31_8b,Llama-3.1-8B,original_minus_unsteered_margin,1.0,random_mean,mean,-0.26328626355945217,-0.38984670511470354,-0.12732904854653143,160,8,all_recorded_ungated,direction_bootstrap_4000,exp254_and_dose0_282,
