model_id,model,panel,dose,series,direction_index,estimate,ci_low,ci_high,n_sessions,n_directions,sample,ci_method,source,zero_reference,direction_kind
olmo_32b,OLMo-2-32B,judged_passage_valence,-1.0,valenced,valenced,-3.5,-4.017083333333333,-2.9833333333333334,60,1,all_recorded_ungated,skeleton_bootstrap_4000,exp254_and_dose0_282,,
olmo_32b,OLMo-2-32B,judged_passage_valence,-0.5,valenced,valenced,-1.8666666666666667,-2.4166666666666665,-1.3166666666666667,60,1,all_recorded_ungated,skeleton_bootstrap_4000,exp254_and_dose0_282,,
olmo_32b,OLMo-2-32B,judged_passage_valence,0.0,valenced,valenced,0.016666666666666666,-0.3004166666666665,0.3333333333333333,60,1,all_recorded_ungated,skeleton_bootstrap_4000,exp254_and_dose0_282,measured60,
olmo_32b,OLMo-2-32B,judged_passage_valence,0.5,valenced,valenced,0.5166666666666667,0.26666666666666666,0.7666666666666667,60,1,all_recorded_ungated,skeleton_bootstrap_4000,exp254_and_dose0_282,,
olmo_32b,OLMo-2-32B,judged_passage_valence,1.0,valenced,valenced,0.4,0.18333333333333332,0.6166666666666667,60,1,all_recorded_ungated,skeleton_bootstrap_4000,exp254_and_dose0_282,,
olmo_32b,OLMo-2-32B,original_cache_margin,-1.0,valenced,valenced,-2.1007890663529185,-2.4885636733752037,-1.7069963109769146,60,1,all_recorded_ungated,skeleton_bootstrap_4000,exp254_and_dose0_282,,
olmo_32b,OLMo-2-32B,original_cache_margin,-0.5,valenced,valenced,-1.3528746874436157,-1.7612222127567,-0.9442655842356523,60,1,all_recorded_ungated,skeleton_bootstrap_4000,exp254_and_dose0_282,,
olmo_32b,OLMo-2-32B,original_cache_margin,0.0,valenced,valenced,-0.03281165864775251,-0.36095142001727754,0.30104161488879316,60,1,all_recorded_ungated,skeleton_bootstrap_4000,exp254_and_dose0_282,measured60,
olmo_32b,OLMo-2-32B,original_cache_margin,0.5,valenced,valenced,0.821355137277385,0.4312403166320343,1.2333604336902662,60,1,all_recorded_ungated,skeleton_bootstrap_4000,exp254_and_dose0_282,,
olmo_32b,OLMo-2-32B,original_cache_margin,1.0,valenced,valenced,1.3320335512592274,0.9262986616036272,1.7520974948006567,60,1,all_recorded_ungated,skeleton_bootstrap_4000,exp254_and_dose0_282,,
olmo_32b,OLMo-2-32B,unsteered_cache_margin,-1.0,valenced,valenced,-1.7643361405256466,-2.1823271060348635,-1.339560250860479,60,1,all_recorded_ungated,skeleton_bootstrap_4000,exp254_and_dose0_282,,
olmo_32b,OLMo-2-32B,unsteered_cache_margin,-0.5,valenced,valenced,-0.9617235640298664,-1.3674692334442693,-0.5556545927444342,60,1,all_recorded_ungated,skeleton_bootstrap_4000,exp254_and_dose0_282,,
olmo_32b,OLMo-2-32B,unsteered_cache_margin,0.0,valenced,valenced,-0.03281165864775251,-0.36095142001727754,0.30104161488879316,60,1,all_recorded_ungated,skeleton_bootstrap_4000,exp254_and_dose0_282,measured60,
olmo_32b,OLMo-2-32B,unsteered_cache_margin,0.5,valenced,valenced,0.2895841858365884,-0.03596411904161479,0.625599866558545,60,1,all_recorded_ungated,skeleton_bootstrap_4000,exp254_and_dose0_282,,
olmo_32b,OLMo-2-32B,unsteered_cache_margin,1.0,valenced,valenced,0.15781457421924566,-0.12812348911614074,0.44168291410656324,60,1,all_recorded_ungated,skeleton_bootstrap_4000,exp254_and_dose0_282,,
olmo_32b,OLMo-2-32B,original_minus_unsteered_margin,-1.0,valenced,valenced,-0.33645292582727204,-0.5072860664288863,-0.16272667521062764,60,1,all_recorded_ungated,skeleton_bootstrap_4000,exp254_and_dose0_282,,
olmo_32b,OLMo-2-32B,original_minus_unsteered_margin,-0.5,valenced,valenced,-0.39115112341374925,-0.4781433177700786,-0.2973887262773629,60,1,all_recorded_ungated,skeleton_bootstrap_4000,exp254_and_dose0_282,,
olmo_32b,OLMo-2-32B,original_minus_unsteered_margin,0.0,valenced,valenced,0.0,,,60,1,all_recorded_ungated,constructed,exp254_and_dose0_282,constructed_difference,
olmo_32b,OLMo-2-32B,original_minus_unsteered_margin,0.5,valenced,valenced,0.5317709514407966,0.44166699025108874,0.6338540718222546,60,1,all_recorded_ungated,skeleton_bootstrap_4000,exp254_and_dose0_282,,
olmo_32b,OLMo-2-32B,original_minus_unsteered_margin,1.0,valenced,valenced,1.1742189770399818,1.0145836409833828,1.3487173296587285,60,1,all_recorded_ungated,skeleton_bootstrap_4000,exp254_and_dose0_282,,
olmo_32b,OLMo-2-32B,original_cache_margin,-1.0,random_direction,0,0.5578164370365585,,,20,1,all_recorded_ungated,not_shown,exp254_and_dose0_282,,
olmo_32b,OLMo-2-32B,original_cache_margin,-0.5,random_direction,0,0.49453483884159366,,,20,1,all_recorded_ungated,not_shown,exp254_and_dose0_282,,
olmo_32b,OLMo-2-32B,original_cache_margin,0.0,random_direction,0,0.16719068155910008,,,20,1,all_recorded_ungated,not_shown,exp254_and_dose0_282,measured_shared20,
olmo_32b,OLMo-2-32B,original_cache_margin,0.5,random_direction,0,-0.34062368526458614,,,20,1,all_recorded_ungated,not_shown,exp254_and_dose0_282,,
olmo_32b,OLMo-2-32B,original_cache_margin,1.0,random_direction,0,-0.12031330309919212,,,20,1,all_recorded_ungated,not_shown,exp254_and_dose0_282,,
olmo_32b,OLMo-2-32B,original_cache_margin,-1.0,random_direction,1,-0.262498423836513,,,20,1,all_recorded_ungated,not_shown,exp254_and_dose0_282,,
olmo_32b,OLMo-2-32B,original_cache_margin,-0.5,random_direction,1,-0.13593533859785795,,,20,1,all_recorded_ungated,not_shown,exp254_and_dose0_282,,
olmo_32b,OLMo-2-32B,original_cache_margin,0.0,random_direction,1,0.16719068155910008,,,20,1,all_recorded_ungated,not_shown,exp254_and_dose0_282,measured_shared20,
olmo_32b,OLMo-2-32B,original_cache_margin,0.5,random_direction,1,-0.048434594490470315,,,20,1,all_recorded_ungated,not_shown,exp254_and_dose0_282,,
olmo_32b,OLMo-2-32B,original_cache_margin,1.0,random_direction,1,0.16094008867851245,,,20,1,all_recorded_ungated,not_shown,exp254_and_dose0_282,,
olmo_32b,OLMo-2-32B,original_cache_margin,-1.0,random_direction,2,0.3171923945753946,,,20,1,all_recorded_ungated,not_shown,exp254_and_dose0_282,,
olmo_32b,OLMo-2-32B,original_cache_margin,-0.5,random_direction,2,-0.06249729769656369,,,20,1,all_recorded_ungated,not_shown,exp254_and_dose0_282,,
olmo_32b,OLMo-2-32B,original_cache_margin,0.0,random_direction,2,0.16719068155910008,,,20,1,all_recorded_ungated,not_shown,exp254_and_dose0_282,measured_shared20,
olmo_32b,OLMo-2-32B,original_cache_margin,0.5,random_direction,2,-0.21874755697859882,,,20,1,all_recorded_ungated,not_shown,exp254_and_dose0_282,,
olmo_32b,OLMo-2-32B,original_cache_margin,1.0,random_direction,2,0.11250018496474468,,,20,1,all_recorded_ungated,not_shown,exp254_and_dose0_282,,
olmo_32b,OLMo-2-32B,original_cache_margin,-1.0,random_direction,3,0.24844029720171648,,,20,1,all_recorded_ungated,not_shown,exp254_and_dose0_282,,
olmo_32b,OLMo-2-32B,original_cache_margin,-0.5,random_direction,3,0.32890924883430445,,,20,1,all_recorded_ungated,not_shown,exp254_and_dose0_282,,
olmo_32b,OLMo-2-32B,original_cache_margin,0.0,random_direction,3,0.16719068155910008,,,20,1,all_recorded_ungated,not_shown,exp254_and_dose0_282,measured_shared20,
olmo_32b,OLMo-2-32B,original_cache_margin,0.5,random_direction,3,-0.19843462000131923,,,20,1,all_recorded_ungated,not_shown,exp254_and_dose0_282,,
olmo_32b,OLMo-2-32B,original_cache_margin,1.0,random_direction,3,0.0484406621727544,,,20,1,all_recorded_ungated,not_shown,exp254_and_dose0_282,,
olmo_32b,OLMo-2-32B,original_cache_margin,-1.0,random_direction,4,0.03125185889521163,,,20,1,all_recorded_ungated,not_shown,exp254_and_dose0_282,,
olmo_32b,OLMo-2-32B,original_cache_margin,-0.5,random_direction,4,-0.016404341464158277,,,20,1,all_recorded_ungated,not_shown,exp254_and_dose0_282,,
olmo_32b,OLMo-2-32B,original_cache_margin,0.0,random_direction,4,0.16719068155910008,,,20,1,all_recorded_ungated,not_shown,exp254_and_dose0_282,measured_shared20,
olmo_32b,OLMo-2-32B,original_cache_margin,0.5,random_direction,4,0.19687897875714952,,,20,1,all_recorded_ungated,not_shown,exp254_and_dose0_282,,
olmo_32b,OLMo-2-32B,original_cache_margin,1.0,random_direction,4,0.1421931713083268,,,20,1,all_recorded_ungated,not_shown,exp254_and_dose0_282,,
olmo_32b,OLMo-2-32B,original_cache_margin,-1.0,random_direction,5,-0.5374978645000397,,,20,1,all_recorded_ungated,not_shown,exp254_and_dose0_282,,
olmo_32b,OLMo-2-32B,original_cache_margin,-0.5,random_direction,5,-0.17655981520601927,,,20,1,all_recorded_ungated,not_shown,exp254_and_dose0_282,,
olmo_32b,OLMo-2-32B,original_cache_margin,0.0,random_direction,5,0.16719068155910008,,,20,1,all_recorded_ungated,not_shown,exp254_and_dose0_282,measured_shared20,
olmo_32b,OLMo-2-32B,original_cache_margin,0.5,random_direction,5,-0.24062171805770732,,,20,1,all_recorded_ungated,not_shown,exp254_and_dose0_282,,
olmo_32b,OLMo-2-32B,original_cache_margin,1.0,random_direction,5,0.235938839987341,,,20,1,all_recorded_ungated,not_shown,exp254_and_dose0_282,,
olmo_32b,OLMo-2-32B,original_cache_margin,-1.0,random_direction,6,-0.26093414467303544,,,20,1,all_recorded_ungated,not_shown,exp254_and_dose0_282,,
olmo_32b,OLMo-2-32B,original_cache_margin,-0.5,random_direction,6,-0.14531139523910497,,,20,1,all_recorded_ungated,not_shown,exp254_and_dose0_282,,
olmo_32b,OLMo-2-32B,original_cache_margin,0.0,random_direction,6,0.16719068155910008,,,20,1,all_recorded_ungated,not_shown,exp254_and_dose0_282,measured_shared20,
olmo_32b,OLMo-2-32B,original_cache_margin,0.5,random_direction,6,0.37031544211345135,,,20,1,all_recorded_ungated,not_shown,exp254_and_dose0_282,,
olmo_32b,OLMo-2-32B,original_cache_margin,1.0,random_direction,6,0.36015809830446416,,,20,1,all_recorded_ungated,not_shown,exp254_and_dose0_282,,
olmo_32b,OLMo-2-32B,original_cache_margin,-1.0,random_direction,7,0.41719067094146567,,,20,1,all_recorded_ungated,not_shown,exp254_and_dose0_282,,
olmo_32b,OLMo-2-32B,original_cache_margin,-0.5,random_direction,7,0.023440415296124683,,,20,1,all_recorded_ungated,not_shown,exp254_and_dose0_282,,
olmo_32b,OLMo-2-32B,original_cache_margin,0.0,random_direction,7,0.16719068155910008,,,20,1,all_recorded_ungated,not_shown,exp254_and_dose0_282,measured_shared20,
olmo_32b,OLMo-2-32B,original_cache_margin,0.5,random_direction,7,-0.3593723997746793,,,20,1,all_recorded_ungated,not_shown,exp254_and_dose0_282,,
olmo_32b,OLMo-2-32B,original_cache_margin,1.0,random_direction,7,0.034378121296632,,,20,1,all_recorded_ungated,not_shown,exp254_and_dose0_282,,
olmo_32b,OLMo-2-32B,original_cache_margin,-1.0,random_mean,mean,0.06387015320509484,-0.19590104702972602,0.3119221294021686,160,8,all_recorded_ungated,direction_bootstrap_4000,exp254_and_dose0_282,,
olmo_32b,OLMo-2-32B,original_cache_margin,-0.5,random_mean,mean,0.03877203934603982,-0.10625770125055606,0.21049600312535632,160,8,all_recorded_ungated,direction_bootstrap_4000,exp254_and_dose0_282,,
olmo_32b,OLMo-2-32B,original_cache_margin,0.0,random_mean,mean,0.16719068155910008,-0.3609747654330693,0.7125836801341078,20,8,all_recorded_ungated,shared20_skeleton_bootstrap_4000,exp254_and_dose0_282,measured_shared20,
olmo_32b,OLMo-2-32B,original_cache_margin,0.5,random_mean,mean,-0.10488001921209504,-0.26426009067698597,0.07052081424752837,160,8,all_recorded_ungated,direction_bootstrap_4000,exp254_and_dose0_282,,
olmo_32b,OLMo-2-32B,original_cache_margin,1.0,random_mean,mean,0.12177948295169792,0.02655415328191787,0.2154570965615836,160,8,all_recorded_ungated,direction_bootstrap_4000,exp254_and_dose0_282,,
olmo_32b,OLMo-2-32B,original_minus_unsteered_margin,-1.0,random_direction,0,0.2359378540855232,,,20,1,all_recorded_ungated,not_shown,exp254_and_dose0_282,,
olmo_32b,OLMo-2-32B,original_minus_unsteered_margin,-0.5,random_direction,0,0.10546885544887345,,,20,1,all_recorded_ungated,not_shown,exp254_and_dose0_282,,
olmo_32b,OLMo-2-32B,original_minus_unsteered_margin,0.0,random_direction,0,0.0,,,20,1,all_recorded_ungated,not_shown,exp254_and_dose0_282,constructed_difference,
olmo_32b,OLMo-2-32B,original_minus_unsteered_margin,0.5,random_direction,0,-0.07343826246543586,,,20,1,all_recorded_ungated,not_shown,exp254_and_dose0_282,,
olmo_32b,OLMo-2-32B,original_minus_unsteered_margin,1.0,random_direction,0,-0.15312712370663348,,,20,1,all_recorded_ungated,not_shown,exp254_and_dose0_282,,
olmo_32b,OLMo-2-32B,original_minus_unsteered_margin,-1.0,random_direction,1,0.08749990314450429,,,20,1,all_recorded_ungated,not_shown,exp254_and_dose0_282,,
olmo_32b,OLMo-2-32B,original_minus_unsteered_margin,-0.5,random_direction,1,0.029687271644786507,,,20,1,all_recorded_ungated,not_shown,exp254_and_dose0_282,,
olmo_32b,OLMo-2-32B,original_minus_unsteered_margin,0.0,random_direction,1,0.0,,,20,1,all_recorded_ungated,not_shown,exp254_and_dose0_282,constructed_difference,
olmo_32b,OLMo-2-32B,original_minus_unsteered_margin,0.5,random_direction,1,-0.0078121041955910185,,,20,1,all_recorded_ungated,not_shown,exp254_and_dose0_282,,
olmo_32b,OLMo-2-32B,original_minus_unsteered_margin,1.0,random_direction,1,0.017187416366596153,,,20,1,all_recorded_ungated,not_shown,exp254_and_dose0_282,,
olmo_32b,OLMo-2-32B,original_minus_unsteered_margin,-1.0,random_direction,2,0.2890638127577262,,,20,1,all_recorded_ungated,not_shown,exp254_and_dose0_282,,
olmo_32b,OLMo-2-32B,original_minus_unsteered_margin,-0.5,random_direction,2,-0.05624918826690646,,,20,1,all_recorded_ungated,not_shown,exp254_and_dose0_282,,
olmo_32b,OLMo-2-32B,original_minus_unsteered_margin,0.0,random_direction,2,0.0,,,20,1,all_recorded_ungated,not_shown,exp254_and_dose0_282,constructed_difference,
olmo_32b,OLMo-2-32B,original_minus_unsteered_margin,0.5,random_direction,2,0.02968661376255568,,,20,1,all_recorded_ungated,not_shown,exp254_and_dose0_282,,
olmo_32b,OLMo-2-32B,original_minus_unsteered_margin,1.0,random_direction,2,-0.014064576454438793,,,20,1,all_recorded_ungated,not_shown,exp254_and_dose0_282,,
olmo_32b,OLMo-2-32B,original_minus_unsteered_margin,-1.0,random_direction,3,0.22187544042026275,,,20,1,all_recorded_ungated,not_shown,exp254_and_dose0_282,,
olmo_32b,OLMo-2-32B,original_minus_unsteered_margin,-0.5,random_direction,3,0.1445317264606615,,,20,1,all_recorded_ungated,not_shown,exp254_and_dose0_282,,
olmo_32b,OLMo-2-32B,original_minus_unsteered_margin,0.0,random_direction,3,0.0,,,20,1,all_recorded_ungated,not_shown,exp254_and_dose0_282,constructed_difference,
olmo_32b,OLMo-2-32B,original_minus_unsteered_margin,0.5,random_direction,3,-0.17968774698425705,,,20,1,all_recorded_ungated,not_shown,exp254_and_dose0_282,,
olmo_32b,OLMo-2-32B,original_minus_unsteered_margin,1.0,random_direction,3,-0.32031286591875413,,,20,1,all_recorded_ungated,not_shown,exp254_and_dose0_282,,
olmo_32b,OLMo-2-32B,original_minus_unsteered_margin,-1.0,random_direction,4,-0.2296897782725864,,,20,1,all_recorded_ungated,not_shown,exp254_and_dose0_282,,
olmo_32b,OLMo-2-32B,original_minus_unsteered_margin,-0.5,random_direction,4,-0.12421983693272978,,,20,1,all_recorded_ungated,not_shown,exp254_and_dose0_282,,
olmo_32b,OLMo-2-32B,original_minus_unsteered_margin,0.0,random_direction,4,0.0,,,20,1,all_recorded_ungated,not_shown,exp254_and_dose0_282,constructed_difference,
olmo_32b,OLMo-2-32B,original_minus_unsteered_margin,0.5,random_direction,4,0.1593760374810472,,,20,1,all_recorded_ungated,not_shown,exp254_and_dose0_282,,
olmo_32b,OLMo-2-32B,original_minus_unsteered_margin,1.0,random_direction,4,0.45781711404895303,,,20,1,all_recorded_ungated,not_shown,exp254_and_dose0_282,,
olmo_32b,OLMo-2-32B,original_minus_unsteered_margin,-1.0,random_direction,5,-0.38281316458810577,,,20,1,all_recorded_ungated,not_shown,exp254_and_dose0_282,,
olmo_32b,OLMo-2-32B,original_minus_unsteered_margin,-0.5,random_direction,5,-0.18593786172100407,,,20,1,all_recorded_ungated,not_shown,exp254_and_dose0_282,,
olmo_32b,OLMo-2-32B,original_minus_unsteered_margin,0.0,random_direction,5,0.0,,,20,1,all_recorded_ungated,not_shown,exp254_and_dose0_282,constructed_difference,
olmo_32b,OLMo-2-32B,original_minus_unsteered_margin,0.5,random_direction,5,0.1671879369726071,,,20,1,all_recorded_ungated,not_shown,exp254_and_dose0_282,,
olmo_32b,OLMo-2-32B,original_minus_unsteered_margin,1.0,random_direction,5,0.35156227463543244,,,20,1,all_recorded_ungated,not_shown,exp254_and_dose0_282,,
olmo_32b,OLMo-2-32B,original_minus_unsteered_margin,-1.0,random_direction,6,-0.24062472582226063,,,20,1,all_recorded_ungated,not_shown,exp254_and_dose0_282,,
olmo_32b,OLMo-2-32B,original_minus_unsteered_margin,-0.5,random_direction,6,-0.16406326979994218,,,20,1,all_recorded_ungated,not_shown,exp254_and_dose0_282,,
olmo_32b,OLMo-2-32B,original_minus_unsteered_margin,0.0,random_direction,6,0.0,,,20,1,all_recorded_ungated,not_shown,exp254_and_dose0_282,constructed_difference,
olmo_32b,OLMo-2-32B,original_minus_unsteered_margin,0.5,random_direction,6,0.17500017145316632,,,20,1,all_recorded_ungated,not_shown,exp254_and_dose0_282,,
olmo_32b,OLMo-2-32B,original_minus_unsteered_margin,1.0,random_direction,6,0.23359283211964338,,,20,1,all_recorded_ungated,not_shown,exp254_and_dose0_282,,
olmo_32b,OLMo-2-32B,original_minus_unsteered_margin,-1.0,random_direction,7,0.1624997682957428,,,20,1,all_recorded_ungated,not_shown,exp254_and_dose0_282,,
olmo_32b,OLMo-2-32B,original_minus_unsteered_margin,-0.5,random_direction,7,0.02187506957235428,,,20,1,all_recorded_ungated,not_shown,exp254_and_dose0_282,,
olmo_32b,OLMo-2-32B,original_minus_unsteered_margin,0.0,random_direction,7,0.0,,,20,1,all_recorded_ungated,not_shown,exp254_and_dose0_282,constructed_difference,
olmo_32b,OLMo-2-32B,original_minus_unsteered_margin,0.5,random_direction,7,0.012499779276038226,,,20,1,all_recorded_ungated,not_shown,exp254_and_dose0_282,,
olmo_32b,OLMo-2-32B,original_minus_unsteered_margin,1.0,random_direction,7,0.21406318609588482,,,20,1,all_recorded_ungated,not_shown,exp254_and_dose0_282,,
olmo_32b,OLMo-2-32B,original_minus_unsteered_margin,-1.0,random_mean,mean,0.017968638752600796,-0.1648445842392501,0.17421939428453204,160,8,all_recorded_ungated,direction_bootstrap_4000,exp254_and_dose0_282,,
olmo_32b,OLMo-2-32B,original_minus_unsteered_margin,-0.5,random_mean,mean,-0.028613404199238347,-0.10840360464922695,0.0503004379759896,160,8,all_recorded_ungated,direction_bootstrap_4000,exp254_and_dose0_282,,
olmo_32b,OLMo-2-32B,original_minus_unsteered_margin,0.0,random_mean,mean,0.0,,,20,8,all_recorded_ungated,constructed,exp254_and_dose0_282,constructed_difference,
olmo_32b,OLMo-2-32B,original_minus_unsteered_margin,0.5,random_mean,mean,0.03535155316251632,-0.047265981355647566,0.11679723864158548,160,8,all_recorded_ungated,direction_bootstrap_4000,exp254_and_dose0_282,,
olmo_32b,OLMo-2-32B,original_minus_unsteered_margin,1.0,random_mean,mean,0.09833978214833543,-0.06857286522544019,0.26758595279727027,160,8,all_recorded_ungated,direction_bootstrap_4000,exp254_and_dose0_282,,
olmo_32b,OLMo-2-32B,steered_minus_clean_margin,-1.0,valenced,valenced,-0.7553733918156091,-0.8275457842162729,-0.6844673389675843,160,1,all_recorded_ungated,,,,valenced
olmo_32b,OLMo-2-32B,steered_minus_clean_margin,-0.5,valenced,valenced,-0.3840832592280604,-0.4285195699361073,-0.3375015458078795,160,1,all_recorded_ungated,,,,valenced
olmo_32b,OLMo-2-32B,steered_minus_clean_margin,0.0,valenced,valenced,0.0,0.0,0.0,160,1,all_recorded_ungated,,,,valenced
olmo_32b,OLMo-2-32B,steered_minus_clean_margin,0.5,valenced,valenced,0.5071779474650541,0.4485354314299139,0.5660645556956605,160,1,all_recorded_ungated,,,,valenced
olmo_32b,OLMo-2-32B,steered_minus_clean_margin,1.0,valenced,valenced,1.0900394900550652,0.998728314029164,1.1899419009781125,160,1,all_recorded_ungated,,,,valenced
olmo_32b,OLMo-2-32B,steered_minus_clean_margin,-1.0,random_direction,0,0.14609459441977607,,,40,1,all_recorded_ungated,,,,random
olmo_32b,OLMo-2-32B,steered_minus_clean_margin,-0.5,random_direction,0,0.050781690976396024,,,40,1,all_recorded_ungated,,,,random
olmo_32b,OLMo-2-32B,steered_minus_clean_margin,0.0,random_direction,0,0.0,,,1,1,all_recorded_ungated,,,,random
olmo_32b,OLMo-2-32B,steered_minus_clean_margin,0.5,random_direction,0,-0.07656328388132465,,,40,1,all_recorded_ungated,,,,random
olmo_32b,OLMo-2-32B,steered_minus_clean_margin,1.0,random_direction,0,-0.11718952100697493,,,40,1,all_recorded_ungated,,,,random
olmo_32b,OLMo-2-32B,steered_minus_clean_margin,-1.0,random_direction,1,0.175780328845687,,,40,1,all_recorded_ungated,,,,random
olmo_32b,OLMo-2-32B,steered_minus_clean_margin,-0.5,random_direction,1,0.03515609810395972,,,40,1,all_recorded_ungated,,,,random
olmo_32b,OLMo-2-32B,steered_minus_clean_margin,0.0,random_direction,1,0.0,,,1,1,all_recorded_ungated,,,,random
olmo_32b,OLMo-2-32B,steered_minus_clean_margin,0.5,random_direction,1,-0.0039062244827732682,,,40,1,all_recorded_ungated,,,,random
olmo_32b,OLMo-2-32B,steered_minus_clean_margin,1.0,random_direction,1,0.013280852234095164,,,40,1,all_recorded_ungated,,,,random
olmo_32b,OLMo-2-32B,steered_minus_clean_margin,-1.0,random_direction,2,0.08828208274992733,,,40,1,all_recorded_ungated,,,,random
olmo_32b,OLMo-2-32B,steered_minus_clean_margin,-0.5,random_direction,2,-0.039061820419829016,,,40,1,all_recorded_ungated,,,,random
olmo_32b,OLMo-2-32B,steered_minus_clean_margin,0.0,random_direction,2,0.0,,,1,1,all_recorded_ungated,,,,random
olmo_32b,OLMo-2-32B,steered_minus_clean_margin,0.5,random_direction,2,0.007030330608017721,,,40,1,all_recorded_ungated,,,,random
olmo_32b,OLMo-2-32B,steered_minus_clean_margin,1.0,random_direction,2,0.009372313266720767,,,40,1,all_recorded_ungated,,,,random
olmo_32b,OLMo-2-32B,steered_minus_clean_margin,-1.0,random_direction,3,0.19218806950241288,,,40,1,all_recorded_ungated,,,,random
olmo_32b,OLMo-2-32B,steered_minus_clean_margin,-0.5,random_direction,3,0.10546923465589657,,,40,1,all_recorded_ungated,,,,random
olmo_32b,OLMo-2-32B,steered_minus_clean_margin,0.0,random_direction,3,0.0,,,1,1,all_recorded_ungated,,,,random
olmo_32b,OLMo-2-32B,steered_minus_clean_margin,0.5,random_direction,3,-0.1539068369113977,,,40,1,all_recorded_ungated,,,,random
olmo_32b,OLMo-2-32B,steered_minus_clean_margin,1.0,random_direction,3,-0.28203306045391513,,,40,1,all_recorded_ungated,,,,random
olmo_32b,OLMo-2-32B,steered_minus_clean_margin,-1.0,random_direction,4,-0.251565586813166,,,40,1,all_recorded_ungated,,,,random
olmo_32b,OLMo-2-32B,steered_minus_clean_margin,-0.5,random_direction,4,-0.1335951054275199,,,40,1,all_recorded_ungated,,,,random
olmo_32b,OLMo-2-32B,steered_minus_clean_margin,0.0,random_direction,4,0.0,,,1,1,all_recorded_ungated,,,,random
olmo_32b,OLMo-2-32B,steered_minus_clean_margin,0.5,random_direction,4,0.13047000009706836,,,40,1,all_recorded_ungated,,,,random
olmo_32b,OLMo-2-32B,steered_minus_clean_margin,1.0,random_direction,4,0.3906278891957527,,,40,1,all_recorded_ungated,,,,random
olmo_32b,OLMo-2-32B,steered_minus_clean_margin,-1.0,random_direction,5,-0.3804704577405801,,,40,1,all_recorded_ungated,,,,random
olmo_32b,OLMo-2-32B,steered_minus_clean_margin,-0.5,random_direction,5,-0.18203202810859692,,,40,1,all_recorded_ungated,,,,random
olmo_32b,OLMo-2-32B,steered_minus_clean_margin,0.0,random_direction,5,0.0,,,1,1,all_recorded_ungated,,,,random
olmo_32b,OLMo-2-32B,steered_minus_clean_margin,0.5,random_direction,5,0.18515684599206567,,,40,1,all_recorded_ungated,,,,random
olmo_32b,OLMo-2-32B,steered_minus_clean_margin,1.0,random_direction,5,0.3460944885739764,,,40,1,all_recorded_ungated,,,,random
olmo_32b,OLMo-2-32B,steered_minus_clean_margin,-1.0,random_direction,6,-0.21093766800769914,,,40,1,all_recorded_ungated,,,,random
olmo_32b,OLMo-2-32B,steered_minus_clean_margin,-0.5,random_direction,6,-0.11562489271333902,,,40,1,all_recorded_ungated,,,,random
olmo_32b,OLMo-2-32B,steered_minus_clean_margin,0.0,random_direction,6,0.0,,,1,1,all_recorded_ungated,,,,random
olmo_32b,OLMo-2-32B,steered_minus_clean_margin,0.5,random_direction,6,0.11484352285339128,,,40,1,all_recorded_ungated,,,,random
olmo_32b,OLMo-2-32B,steered_minus_clean_margin,1.0,random_direction,6,0.24453083831652406,,,40,1,all_recorded_ungated,,,,random
olmo_32b,OLMo-2-32B,steered_minus_clean_margin,-1.0,random_direction,7,0.04531237315931662,,,40,1,all_recorded_ungated,,,,random
olmo_32b,OLMo-2-32B,steered_minus_clean_margin,-0.5,random_direction,7,0.010156263134194887,,,40,1,all_recorded_ungated,,,,random
olmo_32b,OLMo-2-32B,steered_minus_clean_margin,0.0,random_direction,7,0.0,,,1,1,all_recorded_ungated,,,,random
olmo_32b,OLMo-2-32B,steered_minus_clean_margin,0.5,random_direction,7,-0.006249979047117904,,,40,1,all_recorded_ungated,,,,random
olmo_32b,OLMo-2-32B,steered_minus_clean_margin,1.0,random_direction,7,0.4175786147780315,,,40,1,all_recorded_ungated,,,,random
olmo_32b,OLMo-2-32B,steered_minus_clean_margin,-1.0,random_direction,8,0.06718627616808703,,,40,1,all_recorded_ungated,,,,random
olmo_32b,OLMo-2-32B,steered_minus_clean_margin,-0.5,random_direction,8,0.010936840726975561,,,40,1,all_recorded_ungated,,,,random
olmo_32b,OLMo-2-32B,steered_minus_clean_margin,0.0,random_direction,8,0.0,,,1,1,all_recorded_ungated,,,,random
olmo_32b,OLMo-2-32B,steered_minus_clean_margin,0.5,random_direction,8,-0.042187023541185906,,,40,1,all_recorded_ungated,,,,random
olmo_32b,OLMo-2-32B,steered_minus_clean_margin,1.0,random_direction,8,-0.09531146187142667,,,40,1,all_recorded_ungated,,,,random
olmo_32b,OLMo-2-32B,steered_minus_clean_margin,-1.0,random_direction,9,0.2109371349329024,,,40,1,all_recorded_ungated,,,,random
olmo_32b,OLMo-2-32B,steered_minus_clean_margin,-0.5,random_direction,9,0.08749985341241881,,,40,1,all_recorded_ungated,,,,random
olmo_32b,OLMo-2-32B,steered_minus_clean_margin,0.0,random_direction,9,0.0,,,1,1,all_recorded_ungated,,,,random
olmo_32b,OLMo-2-32B,steered_minus_clean_margin,0.5,random_direction,9,-0.08515666005592948,,,40,1,all_recorded_ungated,,,,random
olmo_32b,OLMo-2-32B,steered_minus_clean_margin,1.0,random_direction,9,-0.14843849268595477,,,40,1,all_recorded_ungated,,,,random
olmo_32b,OLMo-2-32B,steered_minus_clean_margin,-1.0,random_direction,10,0.17265626351073138,,,40,1,all_recorded_ungated,,,,random
olmo_32b,OLMo-2-32B,steered_minus_clean_margin,-0.5,random_direction,10,0.039843750002103204,,,40,1,all_recorded_ungated,,,,random
olmo_32b,OLMo-2-32B,steered_minus_clean_margin,0.0,random_direction,10,0.0,,,1,1,all_recorded_ungated,,,,random
olmo_32b,OLMo-2-32B,steered_minus_clean_margin,0.5,random_direction,10,-0.04921874115296987,,,40,1,all_recorded_ungated,,,,random
olmo_32b,OLMo-2-32B,steered_minus_clean_margin,1.0,random_direction,10,-0.07812526942850014,,,40,1,all_recorded_ungated,,,,random
olmo_32b,OLMo-2-32B,steered_minus_clean_margin,-1.0,random_direction,11,0.14140510322833394,,,40,1,all_recorded_ungated,,,,random
olmo_32b,OLMo-2-32B,steered_minus_clean_margin,-0.5,random_direction,11,0.03593710940691608,,,40,1,all_recorded_ungated,,,,random
olmo_32b,OLMo-2-32B,steered_minus_clean_margin,0.0,random_direction,11,0.0,,,1,1,all_recorded_ungated,,,,random
olmo_32b,OLMo-2-32B,steered_minus_clean_margin,0.5,random_direction,11,-0.0812497589759289,,,40,1,all_recorded_ungated,,,,random
olmo_32b,OLMo-2-32B,steered_minus_clean_margin,1.0,random_direction,11,-0.17343715392245257,,,40,1,all_recorded_ungated,,,,random
olmo_32b,OLMo-2-32B,steered_minus_clean_margin,-1.0,random_direction,12,0.23281353002485047,,,40,1,all_recorded_ungated,,,,random
olmo_32b,OLMo-2-32B,steered_minus_clean_margin,-0.5,random_direction,12,0.1234381129880262,,,40,1,all_recorded_ungated,,,,random
olmo_32b,OLMo-2-32B,steered_minus_clean_margin,0.0,random_direction,12,0.0,,,1,1,all_recorded_ungated,,,,random
olmo_32b,OLMo-2-32B,steered_minus_clean_margin,0.5,random_direction,12,-0.16328201097174996,,,40,1,all_recorded_ungated,,,,random
olmo_32b,OLMo-2-32B,steered_minus_clean_margin,1.0,random_direction,12,-0.343751825358504,,,40,1,all_recorded_ungated,,,,random
olmo_32b,OLMo-2-32B,steered_minus_clean_margin,-1.0,random_direction,13,-0.2570312385288105,,,40,1,all_recorded_ungated,,,,random
olmo_32b,OLMo-2-32B,steered_minus_clean_margin,-0.5,random_direction,13,-0.12500004041547186,,,40,1,all_recorded_ungated,,,,random
olmo_32b,OLMo-2-32B,steered_minus_clean_margin,0.0,random_direction,13,0.0,,,1,1,all_recorded_ungated,,,,random
olmo_32b,OLMo-2-32B,steered_minus_clean_margin,0.5,random_direction,13,0.07578107603049489,,,40,1,all_recorded_ungated,,,,random
olmo_32b,OLMo-2-32B,steered_minus_clean_margin,1.0,random_direction,13,0.13437439669625634,,,40,1,all_recorded_ungated,,,,random
olmo_32b,OLMo-2-32B,steered_minus_clean_margin,-1.0,random_direction,14,0.10781310293216392,,,40,1,all_recorded_ungated,,,,random
olmo_32b,OLMo-2-32B,steered_minus_clean_margin,-0.5,random_direction,14,0.05234411600665112,,,40,1,all_recorded_ungated,,,,random
olmo_32b,OLMo-2-32B,steered_minus_clean_margin,0.0,random_direction,14,0.0,,,1,1,all_recorded_ungated,,,,random
olmo_32b,OLMo-2-32B,steered_minus_clean_margin,0.5,random_direction,14,-0.10000075855080012,,,40,1,all_recorded_ungated,,,,random
olmo_32b,OLMo-2-32B,steered_minus_clean_margin,1.0,random_direction,14,-0.19687667961317742,,,40,1,all_recorded_ungated,,,,random
olmo_32b,OLMo-2-32B,steered_minus_clean_margin,-1.0,random_direction,15,-0.1781264389611465,,,40,1,all_recorded_ungated,,,,random
olmo_32b,OLMo-2-32B,steered_minus_clean_margin,-0.5,random_direction,15,-0.12031310646788711,,,40,1,all_recorded_ungated,,,,random
olmo_32b,OLMo-2-32B,steered_minus_clean_margin,0.0,random_direction,15,0.0,,,1,1,all_recorded_ungated,,,,random
olmo_32b,OLMo-2-32B,steered_minus_clean_margin,0.5,random_direction,15,0.1398443248520266,,,40,1,all_recorded_ungated,,,,random
olmo_32b,OLMo-2-32B,steered_minus_clean_margin,1.0,random_direction,15,0.3187511899358867,,,40,1,all_recorded_ungated,,,,random
olmo_32b,OLMo-2-32B,steered_minus_clean_margin,-1.0,random_direction,16,-0.05546992483776307,,,40,1,all_recorded_ungated,,,,random
olmo_32b,OLMo-2-32B,steered_minus_clean_margin,-0.5,random_direction,16,-0.03359384359440014,,,40,1,all_recorded_ungated,,,,random
olmo_32b,OLMo-2-32B,steered_minus_clean_margin,0.0,random_direction,16,0.0,,,1,1,all_recorded_ungated,,,,random
olmo_32b,OLMo-2-32B,steered_minus_clean_margin,0.5,random_direction,16,0.0187500573676914,,,40,1,all_recorded_ungated,,,,random
olmo_32b,OLMo-2-32B,steered_minus_clean_margin,1.0,random_direction,16,0.06562474817268935,,,40,1,all_recorded_ungated,,,,random
olmo_32b,OLMo-2-32B,steered_minus_clean_margin,-1.0,random_direction,17,-0.18671901821917344,,,40,1,all_recorded_ungated,,,,random
olmo_32b,OLMo-2-32B,steered_minus_clean_margin,-0.5,random_direction,17,-0.09140642983763314,,,40,1,all_recorded_ungated,,,,random
olmo_32b,OLMo-2-32B,steered_minus_clean_margin,0.0,random_direction,17,0.0,,,1,1,all_recorded_ungated,,,,random
olmo_32b,OLMo-2-32B,steered_minus_clean_margin,0.5,random_direction,17,0.09218765380656464,,,40,1,all_recorded_ungated,,,,random
olmo_32b,OLMo-2-32B,steered_minus_clean_margin,1.0,random_direction,17,0.18125030528528327,,,40,1,all_recorded_ungated,,,,random
olmo_32b,OLMo-2-32B,steered_minus_clean_margin,-1.0,random_direction,18,0.2507803540353308,,,40,1,all_recorded_ungated,,,,random
olmo_32b,OLMo-2-32B,steered_minus_clean_margin,-0.5,random_direction,18,0.13515589605786432,,,40,1,all_recorded_ungated,,,,random
olmo_32b,OLMo-2-32B,steered_minus_clean_margin,0.0,random_direction,18,0.0,,,1,1,all_recorded_ungated,,,,random
olmo_32b,OLMo-2-32B,steered_minus_clean_margin,0.5,random_direction,18,-0.13828098299558747,,,40,1,all_recorded_ungated,,,,random
olmo_32b,OLMo-2-32B,steered_minus_clean_margin,1.0,random_direction,18,-0.2429682930112051,,,40,1,all_recorded_ungated,,,,random
olmo_32b,OLMo-2-32B,steered_minus_clean_margin,-1.0,random_direction,19,0.13437490846525293,,,40,1,all_recorded_ungated,,,,random
olmo_32b,OLMo-2-32B,steered_minus_clean_margin,-0.5,random_direction,19,0.06093760840473124,,,40,1,all_recorded_ungated,,,,random
olmo_32b,OLMo-2-32B,steered_minus_clean_margin,0.0,random_direction,19,0.0,,,1,1,all_recorded_ungated,,,,random
olmo_32b,OLMo-2-32B,steered_minus_clean_margin,0.5,random_direction,19,-0.08203140478220235,,,40,1,all_recorded_ungated,,,,random
olmo_32b,OLMo-2-32B,steered_minus_clean_margin,1.0,random_direction,19,-0.17656283647982035,,,40,1,all_recorded_ungated,,,,random
olmo_32b,OLMo-2-32B,steered_minus_clean_margin,-1.0,random_direction,20,0.2398447304820081,,,40,1,all_recorded_ungated,,,,random
olmo_32b,OLMo-2-32B,steered_minus_clean_margin,-0.5,random_direction,20,0.10390675095231927,,,40,1,all_recorded_ungated,,,,random
olmo_32b,OLMo-2-32B,steered_minus_clean_margin,0.0,random_direction,20,0.0,,,1,1,all_recorded_ungated,,,,random
olmo_32b,OLMo-2-32B,steered_minus_clean_margin,0.5,random_direction,20,-0.11953175570168924,,,40,1,all_recorded_ungated,,,,random
olmo_32b,OLMo-2-32B,steered_minus_clean_margin,1.0,random_direction,20,-0.1523447218245053,,,40,1,all_recorded_ungated,,,,random
olmo_32b,OLMo-2-32B,steered_minus_clean_margin,-1.0,random_direction,21,-0.22343743518012502,,,40,1,all_recorded_ungated,,,,random
olmo_32b,OLMo-2-32B,steered_minus_clean_margin,-0.5,random_direction,21,-0.13281242000015822,,,40,1,all_recorded_ungated,,,,random
olmo_32b,OLMo-2-32B,steered_minus_clean_margin,0.0,random_direction,21,0.0,,,1,1,all_recorded_ungated,,,,random
olmo_32b,OLMo-2-32B,steered_minus_clean_margin,0.5,random_direction,21,0.1437497197237576,,,40,1,all_recorded_ungated,,,,random
olmo_32b,OLMo-2-32B,steered_minus_clean_margin,1.0,random_direction,21,0.2804680402070687,,,40,1,all_recorded_ungated,,,,random
olmo_32b,OLMo-2-32B,steered_minus_clean_margin,-1.0,random_direction,22,-0.31640673958735305,,,40,1,all_recorded_ungated,,,,random
olmo_32b,OLMo-2-32B,steered_minus_clean_margin,-0.5,random_direction,22,-0.15937522649278435,,,40,1,all_recorded_ungated,,,,random
olmo_32b,OLMo-2-32B,steered_minus_clean_margin,0.0,random_direction,22,0.0,,,1,1,all_recorded_ungated,,,,random
olmo_32b,OLMo-2-32B,steered_minus_clean_margin,0.5,random_direction,22,0.08984358655601454,,,40,1,all_recorded_ungated,,,,random
olmo_32b,OLMo-2-32B,steered_minus_clean_margin,1.0,random_direction,22,0.1296873410304272,,,40,1,all_recorded_ungated,,,,random
olmo_32b,OLMo-2-32B,steered_minus_clean_margin,-1.0,random_direction,23,-0.1289065434584586,,,40,1,all_recorded_ungated,,,,random
olmo_32b,OLMo-2-32B,steered_minus_clean_margin,-0.5,random_direction,23,-0.036718601642729706,,,40,1,all_recorded_ungated,,,,random
olmo_32b,OLMo-2-32B,steered_minus_clean_margin,0.0,random_direction,23,0.0,,,1,1,all_recorded_ungated,,,,random
olmo_32b,OLMo-2-32B,steered_minus_clean_margin,0.5,random_direction,23,-0.0359378481235126,,,40,1,all_recorded_ungated,,,,random
olmo_32b,OLMo-2-32B,steered_minus_clean_margin,1.0,random_direction,23,-0.08203200109785484,,,40,1,all_recorded_ungated,,,,random
olmo_32b,OLMo-2-32B,steered_minus_clean_margin,-1.0,random_mean,mean,0.0006832417134377289,-0.07867880036346951,0.07623656354666591,960,24,all_recorded_ungated,,,,random
olmo_32b,OLMo-2-32B,steered_minus_clean_margin,-0.5,random_mean,mean,-0.013248757928829015,-0.05084667255134102,0.025423239111704275,960,24,all_recorded_ungated,,,,random
olmo_32b,OLMo-2-32B,steered_minus_clean_margin,0.0,random_mean,mean,0.0,0.0,0.0,24,24,all_recorded_ungated,,,,random
olmo_32b,OLMo-2-32B,steered_minus_clean_margin,0.5,random_mean,mean,-0.005826922970294863,-0.0463218966322188,0.035546932852024565,960,24,all_recorded_ungated,,,,random
olmo_32b,OLMo-2-32B,steered_minus_clean_margin,1.0,random_mean,mean,0.01844040420576754,-0.069076073819627,0.10693359617021277,960,24,all_recorded_ungated,,,,random
