family,experiment,figures,model,direction,count_source,doses,strength_rho_d,n_sessions_total,n_sessions_negative,negative_turns_generated,negative_turns_read_only,negative_turns_check_passes,negative_token_positions,n_sessions_positive,positive_turns_generated,positive_turns_read_only,positive_turns_check_passes,positive_token_positions,nonvalence_sessions,nonvalence_turns_generated,nonvalence_turns_read_only,nonvalence_token_positions,token_source,design_check,notes
Generation design,"Steering during passage generation, with steered and sign-reversed re-reads","3A-C, A1, A2, A4, A7A",OLMo-2-32B,valence,run records,-1; -0.5; +0.5; +1,-0.3; -0.15; +0.15; +0.3,940,240,720,1440,0,,240,720,1440,0,,,,,,,"matches design: 60 sessions per dose, 20 per random direction and dose, 60 at dose 0","Each valenced session was generated under steering on its 6 conditioned-zone turns, then re-read with the same steering and with the sign reversed (Figure A4), so every valenced session also had steering of the opposite sign. Of the negative read-only turns, 720 are same-sign re-reads of negatively generated sessions and 720 are sign-reversed re-reads of positively generated sessions. The choice was read from the live cache with steering off. Steered turns cover the user prompt and the reply (replies capped at 70 tokens); only total sequence lengths are recorded, so token positions are not counted."
Generation design,"Steering during passage generation, with steered and sign-reversed re-reads","3B-C, A2, A4",OLMo-2-32B,random directions (not valence),run records,-1; -0.5; +0.5; +1,norm-matched to valence,940,,,,,,,,,,,880,3840,12960,,,"matches design: 60 sessions per dose, 20 per random direction and dose, 60 at dose 0","640 sessions generated under 8 random directions (generated turns), each re-read with the same direction, its sign reversed and another random direction; every valenced session also had one random-direction re-read."
Generation design,"Steering during passage generation, with steered and sign-reversed re-reads","3A-C, A1, A2, A4, A7A",Qwen2.5-32B,valence,run records,-1; -0.5; +0.5; +1,-0.3; -0.15; +0.15; +0.3,940,240,720,1440,0,,240,720,1440,0,,,,,,,"matches design: 60 sessions per dose, 20 per random direction and dose, 60 at dose 0","Each valenced session was generated under steering on its 6 conditioned-zone turns, then re-read with the same steering and with the sign reversed (Figure A4), so every valenced session also had steering of the opposite sign. Of the negative read-only turns, 720 are same-sign re-reads of negatively generated sessions and 720 are sign-reversed re-reads of positively generated sessions. The choice was read from the live cache with steering off. Steered turns cover the user prompt and the reply (replies capped at 70 tokens); only total sequence lengths are recorded, so token positions are not counted."
Generation design,"Steering during passage generation, with steered and sign-reversed re-reads","3B-C, A2, A4",Qwen2.5-32B,random directions (not valence),run records,-1; -0.5; +0.5; +1,norm-matched to valence,940,,,,,,,,,,,880,3840,12960,,,"matches design: 60 sessions per dose, 20 per random direction and dose, 60 at dose 0","640 sessions generated under 8 random directions (generated turns), each re-read with the same direction, its sign reversed and another random direction; every valenced session also had one random-direction re-read."
Generation design,"Steering during passage generation, with steered and sign-reversed re-reads","3A-C, A1, A2, A4, A7A",Qwen3-14B,valence,run records,-1; -0.5; +0.5; +1,-0.3; -0.15; +0.15; +0.3,940,240,720,1440,0,,240,720,1440,0,,,,,,,"matches design: 60 sessions per dose, 20 per random direction and dose, 60 at dose 0","Each valenced session was generated under steering on its 6 conditioned-zone turns, then re-read with the same steering and with the sign reversed (Figure A4), so every valenced session also had steering of the opposite sign. Of the negative read-only turns, 720 are same-sign re-reads of negatively generated sessions and 720 are sign-reversed re-reads of positively generated sessions. The choice was read from the live cache with steering off. Steered turns cover the user prompt and the reply (replies capped at 70 tokens); only total sequence lengths are recorded, so token positions are not counted."
Generation design,"Steering during passage generation, with steered and sign-reversed re-reads","3B-C, A2, A4",Qwen3-14B,random directions (not valence),run records,-1; -0.5; +0.5; +1,norm-matched to valence,940,,,,,,,,,,,880,3840,12960,,,"matches design: 60 sessions per dose, 20 per random direction and dose, 60 at dose 0","640 sessions generated under 8 random directions (generated turns), each re-read with the same direction, its sign reversed and another random direction; every valenced session also had one random-direction re-read."
Generation design,"Steering during passage generation, with steered and sign-reversed re-reads","3A-C, A1, A2, A4, A7A",Qwen3-32B,valence,run records,-1; -0.5; +0.5; +1,-0.3; -0.15; +0.15; +0.3,940,240,720,1440,0,,240,720,1440,0,,,,,,,"matches design: 60 sessions per dose, 20 per random direction and dose, 60 at dose 0","Each valenced session was generated under steering on its 6 conditioned-zone turns, then re-read with the same steering and with the sign reversed (Figure A4), so every valenced session also had steering of the opposite sign. Of the negative read-only turns, 720 are same-sign re-reads of negatively generated sessions and 720 are sign-reversed re-reads of positively generated sessions. The choice was read from the live cache with steering off. Steered turns cover the user prompt and the reply (replies capped at 70 tokens); only total sequence lengths are recorded, so token positions are not counted."
Generation design,"Steering during passage generation, with steered and sign-reversed re-reads","3B-C, A2, A4",Qwen3-32B,random directions (not valence),run records,-1; -0.5; +0.5; +1,norm-matched to valence,940,,,,,,,,,,,880,3840,12960,,,"matches design: 60 sessions per dose, 20 per random direction and dose, 60 at dose 0","640 sessions generated under 8 random directions (generated turns), each re-read with the same direction, its sign reversed and another random direction; every valenced session also had one random-direction re-read."
Generation design,"Steering during passage generation, with steered and sign-reversed re-reads","3A-C, A1, A2, A4, A7A",Mistral-24B,valence,run records,-1; -0.5; +0.5; +1,-0.7; -0.35; +0.35; +0.7,940,240,720,1440,0,,240,720,1440,0,,,,,,,"matches design: 60 sessions per dose, 20 per random direction and dose, 60 at dose 0","Each valenced session was generated under steering on its 6 conditioned-zone turns, then re-read with the same steering and with the sign reversed (Figure A4), so every valenced session also had steering of the opposite sign. Of the negative read-only turns, 720 are same-sign re-reads of negatively generated sessions and 720 are sign-reversed re-reads of positively generated sessions. The choice was read from the live cache with steering off. Steered turns cover the user prompt and the reply (replies capped at 70 tokens); only total sequence lengths are recorded, so token positions are not counted."
Generation design,"Steering during passage generation, with steered and sign-reversed re-reads","3B-C, A2, A4",Mistral-24B,random directions (not valence),run records,-1; -0.5; +0.5; +1,norm-matched to valence,940,,,,,,,,,,,880,3840,12960,,,"matches design: 60 sessions per dose, 20 per random direction and dose, 60 at dose 0","640 sessions generated under 8 random directions (generated turns), each re-read with the same direction, its sign reversed and another random direction; every valenced session also had one random-direction re-read."
Generation design,"Steering during passage generation, with steered and sign-reversed re-reads","3A-C, A1, A2, A4, A7A",Gemma-3-27B,valence,run records,-1; -0.5; +0.5; +1,-0.15; -0.075; +0.075; +0.15,940,240,720,1440,0,,240,720,1440,0,,,,,,,"matches design: 60 sessions per dose, 20 per random direction and dose, 60 at dose 0","Each valenced session was generated under steering on its 6 conditioned-zone turns, then re-read with the same steering and with the sign reversed (Figure A4), so every valenced session also had steering of the opposite sign. Of the negative read-only turns, 720 are same-sign re-reads of negatively generated sessions and 720 are sign-reversed re-reads of positively generated sessions. The choice was read from the live cache with steering off. Steered turns cover the user prompt and the reply (replies capped at 70 tokens); only total sequence lengths are recorded, so token positions are not counted."
Generation design,"Steering during passage generation, with steered and sign-reversed re-reads","3B-C, A2, A4",Gemma-3-27B,random directions (not valence),run records,-1; -0.5; +0.5; +1,norm-matched to valence,940,,,,,,,,,,,880,3840,12960,,,"matches design: 60 sessions per dose, 20 per random direction and dose, 60 at dose 0","640 sessions generated under 8 random directions (generated turns), each re-read with the same direction, its sign reversed and another random direction; every valenced session also had one random-direction re-read."
Generation design,"Steering during passage generation, with steered and sign-reversed re-reads","3A-C, A1, A2, A4, A7A",Llama-3.1-8B,valence,run records,-1; -0.5; +0.5; +1,-0.6; -0.3; +0.3; +0.6,940,240,720,1440,0,,240,720,1440,0,,,,,,,"matches design: 60 sessions per dose, 20 per random direction and dose, 60 at dose 0","Each valenced session was generated under steering on its 6 conditioned-zone turns, then re-read with the same steering and with the sign reversed (Figure A4), so every valenced session also had steering of the opposite sign. Of the negative read-only turns, 720 are same-sign re-reads of negatively generated sessions and 720 are sign-reversed re-reads of positively generated sessions. The choice was read from the live cache with steering off. Steered turns cover the user prompt and the reply (replies capped at 70 tokens); only total sequence lengths are recorded, so token positions are not counted."
Generation design,"Steering during passage generation, with steered and sign-reversed re-reads","3B-C, A2, A4",Llama-3.1-8B,random directions (not valence),run records,-1; -0.5; +0.5; +1,norm-matched to valence,940,,,,,,,,,,,880,3840,12960,,,"matches design: 60 sessions per dose, 20 per random direction and dose, 60 at dose 0","640 sessions generated under 8 random directions (generated turns), each re-read with the same direction, its sign reversed and another random direction; every valenced session also had one random-direction re-read."
Fixed-text design,"Fixed unsteered passages, steering only while re-reading the conditioned-zone turns","3D, A3, A5, A7",OLMo-2-32B,valence,run records,-1; -0.5; +0.5; +1,-0.3; -0.15; +0.15; +0.3,160,160,0,1920,3840,197414,160,0,1920,3840,197414,,,,,run records,"matches design: 160 neutral sessions, each read at 4 nonzero doses","Nothing is generated under steering. The choice is scored with steering off. Check passes: two cache-fidelity forwards at doses -1 and +1 and one self-report probe prefill per read, as recorded per read. Token positions from the committed skeleton turn spans."
Fixed-text design,"Fixed unsteered passages, steering only while re-reading the conditioned-zone turns","3D, A3, A5, A14",OLMo-2-32B,random directions (not valence),run records,-1; -0.5; +0.5; +1,norm-matched to valence,160,,,,,,,,,,,40,0,23040,2369856,run records,matches design: 24 directions x 4 doses on 40 sessions,24 random directions read on the first 40 neutral skeletons.
Fixed-text design,"Passages generated under steering at d = -1 or +1, then re-read at every dose",A7B,OLMo-2-32B,valence,run records,-1; -0.5; +0.5; +1,-0.3; -0.15; +0.15; +0.3,80,80,240,960,1920,,80,240,960,1920,,,,,,,matches design: 40 sessions generated at each of d = -1 and +1,"40 sessions generated at d = -1 and 40 at d = +1 (6 conditioned-zone turns each); every session is then re-read at both negative and both positive doses, so each has steering of both signs. Skeleton spans for these sessions are not committed, so token positions are not counted."
Fixed-text design,"Fixed unsteered passages, steering only while re-reading the conditioned-zone turns","3D, A3, A5, A7",Qwen2.5-32B,valence,run records,-1; -0.5; +0.5; +1,-0.3; -0.15; +0.15; +0.3,160,160,0,1920,3840,188368,160,0,1920,3840,188368,,,,,run records,"matches design: 160 neutral sessions, each read at 4 nonzero doses","Nothing is generated under steering. The choice is scored with steering off. Check passes: two cache-fidelity forwards at doses -1 and +1 and one self-report probe prefill per read, as recorded per read. Token positions from the committed skeleton turn spans."
Fixed-text design,"Fixed unsteered passages, steering only while re-reading the conditioned-zone turns","3D, A3, A5, A14",Qwen2.5-32B,random directions (not valence),run records,-1; -0.5; +0.5; +1,norm-matched to valence,160,,,,,,,,,,,40,0,23040,2268384,run records,matches design: 24 directions x 4 doses on 40 sessions,24 random directions read on the first 40 neutral skeletons.
Fixed-text design,"Passages generated under steering at d = -1 or +1, then re-read at every dose",A7B,Qwen2.5-32B,valence,run records,-1; -0.5; +0.5; +1,-0.3; -0.15; +0.15; +0.3,80,80,240,960,1920,,80,240,960,1920,,,,,,,matches design: 40 sessions generated at each of d = -1 and +1,"40 sessions generated at d = -1 and 40 at d = +1 (6 conditioned-zone turns each); every session is then re-read at both negative and both positive doses, so each has steering of both signs. Skeleton spans for these sessions are not committed, so token positions are not counted."
Fixed-text design,"Fixed unsteered passages, steering only while re-reading the conditioned-zone turns","3D, A3, A5, A7",Qwen3-14B,valence,run records,-1; -0.5; +0.5; +1,-0.3; -0.15; +0.15; +0.3,160,160,0,1920,3840,195454,160,0,1920,3840,195454,,,,,run records,"matches design: 160 neutral sessions, each read at 4 nonzero doses","Nothing is generated under steering. The choice is scored with steering off. Check passes: two cache-fidelity forwards at doses -1 and +1 and one self-report probe prefill per read, as recorded per read. Token positions from the committed skeleton turn spans."
Fixed-text design,"Fixed unsteered passages, steering only while re-reading the conditioned-zone turns","3D, A3, A5, A14",Qwen3-14B,random directions (not valence),run records,-1; -0.5; +0.5; +1,norm-matched to valence,160,,,,,,,,,,,40,0,23040,2346336,run records,matches design: 24 directions x 4 doses on 40 sessions,24 random directions read on the first 40 neutral skeletons.
Fixed-text design,"Passages generated under steering at d = -1 or +1, then re-read at every dose",A7B,Qwen3-14B,valence,run records,-1; -0.5; +0.5; +1,-0.3; -0.15; +0.15; +0.3,80,80,240,960,1920,,80,240,960,1920,,,,,,,matches design: 40 sessions generated at each of d = -1 and +1,"40 sessions generated at d = -1 and 40 at d = +1 (6 conditioned-zone turns each); every session is then re-read at both negative and both positive doses, so each has steering of both signs. Skeleton spans for these sessions are not committed, so token positions are not counted."
Fixed-text design,"Fixed unsteered passages, steering only while re-reading the conditioned-zone turns","3D, A3, A5, A7",Qwen3-32B,valence,run records,-1; -0.5; +0.5; +1,-0.3; -0.15; +0.15; +0.3,160,160,0,1920,3840,195140,160,0,1920,3840,195140,,,,,run records,"matches design: 160 neutral sessions, each read at 4 nonzero doses","Nothing is generated under steering. The choice is scored with steering off. Check passes: two cache-fidelity forwards at doses -1 and +1 and one self-report probe prefill per read, as recorded per read. Token positions from the committed skeleton turn spans."
Fixed-text design,"Fixed unsteered passages, steering only while re-reading the conditioned-zone turns","3D, A3, A5, A14",Qwen3-32B,random directions (not valence),run records,-1; -0.5; +0.5; +1,norm-matched to valence,160,,,,,,,,,,,40,0,23040,2342784,run records,matches design: 24 directions x 4 doses on 40 sessions,24 random directions read on the first 40 neutral skeletons.
Fixed-text design,"Passages generated under steering at d = -1 or +1, then re-read at every dose",A7B,Qwen3-32B,valence,run records,-1; -0.5; +0.5; +1,-0.3; -0.15; +0.15; +0.3,80,80,240,960,1920,,80,240,960,1920,,,,,,,matches design: 40 sessions generated at each of d = -1 and +1,"40 sessions generated at d = -1 and 40 at d = +1 (6 conditioned-zone turns each); every session is then re-read at both negative and both positive doses, so each has steering of both signs. Skeleton spans for these sessions are not committed, so token positions are not counted."
Fixed-text design,"Fixed unsteered passages, steering only while re-reading the conditioned-zone turns","3D, A3, A5, A7",Mistral-24B,valence,run records,-1; -0.5; +0.5; +1,-0.7; -0.35; +0.35; +0.7,160,160,0,1920,3840,196046,160,0,1920,3840,196046,,,,,run records,"matches design: 160 neutral sessions, each read at 4 nonzero doses","Nothing is generated under steering. The choice is scored with steering off. Check passes: two cache-fidelity forwards at doses -1 and +1 and one self-report probe prefill per read, as recorded per read. Token positions from the committed skeleton turn spans."
Fixed-text design,"Fixed unsteered passages, steering only while re-reading the conditioned-zone turns","3D, A3, A5, A14",Mistral-24B,random directions (not valence),run records,-1; -0.5; +0.5; +1,norm-matched to valence,160,,,,,,,,,,,40,0,23040,2332416,run records,matches design: 24 directions x 4 doses on 40 sessions,24 random directions read on the first 40 neutral skeletons.
Fixed-text design,"Passages generated under steering at d = -1 or +1, then re-read at every dose",A7B,Mistral-24B,valence,run records,-1; -0.5; +0.5; +1,-0.7; -0.35; +0.35; +0.7,80,80,240,960,1920,,80,240,960,1920,,,,,,,matches design: 40 sessions generated at each of d = -1 and +1,"40 sessions generated at d = -1 and 40 at d = +1 (6 conditioned-zone turns each); every session is then re-read at both negative and both positive doses, so each has steering of both signs. Skeleton spans for these sessions are not committed, so token positions are not counted."
Fixed-text design,"Fixed unsteered passages, steering only while re-reading the conditioned-zone turns","3D, A3, A5, A7",Gemma-3-27B,valence,run records,-1; -0.5; +0.5; +1,-0.15; -0.075; +0.075; +0.15,160,160,0,1920,3840,187902,160,0,1920,3840,187902,,,,,run records,"matches design: 160 neutral sessions, each read at 4 nonzero doses","Nothing is generated under steering. The choice is scored with steering off. Check passes: two cache-fidelity forwards at doses -1 and +1 and one self-report probe prefill per read, as recorded per read. Token positions from the committed skeleton turn spans."
Fixed-text design,"Fixed unsteered passages, steering only while re-reading the conditioned-zone turns","3D, A3, A5, A14",Gemma-3-27B,random directions (not valence),run records,-1; -0.5; +0.5; +1,norm-matched to valence,160,,,,,,,,,,,40,0,23040,2255808,run records,matches design: 24 directions x 4 doses on 40 sessions,24 random directions read on the first 40 neutral skeletons.
Fixed-text design,"Passages generated under steering at d = -1 or +1, then re-read at every dose",A7B,Gemma-3-27B,valence,run records,-1; -0.5; +0.5; +1,-0.15; -0.075; +0.075; +0.15,80,80,240,960,1920,,80,240,960,1920,,,,,,,matches design: 40 sessions generated at each of d = -1 and +1,"40 sessions generated at d = -1 and 40 at d = +1 (6 conditioned-zone turns each); every session is then re-read at both negative and both positive doses, so each has steering of both signs. Skeleton spans for these sessions are not committed, so token positions are not counted."
Fixed-text design,"Fixed unsteered passages, steering only while re-reading the conditioned-zone turns","3D, A3, A5, A7",Llama-3.1-8B,valence,run records,-1; -0.5; +0.5; +1,-0.6; -0.3; +0.3; +0.6,160,160,0,1920,3840,189312,160,0,1920,3840,189312,,,,,run records,"matches design: 160 neutral sessions, each read at 4 nonzero doses","Nothing is generated under steering. The choice is scored with steering off. Check passes: two cache-fidelity forwards at doses -1 and +1 and one self-report probe prefill per read, as recorded per read. Token positions from the committed skeleton turn spans."
Fixed-text design,"Fixed unsteered passages, steering only while re-reading the conditioned-zone turns","3D, A3, A5, A14",Llama-3.1-8B,random directions (not valence),run records,-1; -0.5; +0.5; +1,norm-matched to valence,160,,,,,,,,,,,40,0,23040,2273952,run records,matches design: 24 directions x 4 doses on 40 sessions,24 random directions read on the first 40 neutral skeletons.
Fixed-text design,"Passages generated under steering at d = -1 or +1, then re-read at every dose",A7B,Llama-3.1-8B,valence,run records,-1; -0.5; +0.5; +1,-0.6; -0.3; +0.3; +0.6,80,80,240,960,1920,,80,240,960,1920,,,,,,,matches design: 40 sessions generated at each of d = -1 and +1,"40 sessions generated at d = -1 and 40 at d = +1 (6 conditioned-zone turns each); every session is then re-read at both negative and both positive doses, so each has steering of both signs. Skeleton spans for these sessions are not committed, so token positions are not counted."
Fixed-text design,Fixed-text design with the final question asking which zone to avoid,A5,OLMo-2-32B,valence,run records,-1; -0.5; +0.5; +1,-0.3; -0.15; +0.15; +0.3,158,158,0,1896,0,194946,158,0,1896,0,194946,,,,,run records,158 of 160 planned sessions; 2 skeletons could not be rebuilt byte-identically and were not read,"Re-reads the committed neutral skeletons; nothing is generated. One steered prefill per read, no check passes."
Fixed-text design,Fixed-text design with the final question asking which zone to avoid,A5,OLMo-2-32B,random directions (not valence),run records,-1; -0.5; +0.5; +1,norm-matched to valence,158,,,,,,,,,,,40,0,23040,2369856,run records,158 of 160 planned sessions; 2 skeletons could not be rebuilt byte-identically and were not read,24 random directions on the first 40 skeletons (fewer where skeletons failed to rebuild).
Fixed-text design,Fixed-text design with the final question asking which zone to avoid,A5,Qwen2.5-32B,valence,run records,-1; -0.5; +0.5; +1,-0.3; -0.15; +0.15; +0.3,160,160,0,1920,0,188368,160,0,1920,0,188368,,,,,run records,matches design: 160 sessions,"Re-reads the committed neutral skeletons; nothing is generated. One steered prefill per read, no check passes."
Fixed-text design,Fixed-text design with the final question asking which zone to avoid,A5,Qwen2.5-32B,random directions (not valence),run records,-1; -0.5; +0.5; +1,norm-matched to valence,160,,,,,,,,,,,40,0,23040,2268384,run records,matches design: 160 sessions,24 random directions on the first 40 skeletons (fewer where skeletons failed to rebuild).
Fixed-text design,Fixed-text design with the final question asking which zone to avoid,A5,Qwen3-14B,valence,run records,-1; -0.5; +0.5; +1,-0.3; -0.15; +0.15; +0.3,159,159,0,1908,0,194234,159,0,1908,0,194234,,,,,run records,159 of 160 planned sessions; 1 skeletons could not be rebuilt byte-identically and were not read,"Re-reads the committed neutral skeletons; nothing is generated. One steered prefill per read, no check passes."
Fixed-text design,Fixed-text design with the final question asking which zone to avoid,A5,Qwen3-14B,random directions (not valence),run records,-1; -0.5; +0.5; +1,norm-matched to valence,159,,,,,,,,,,,40,0,23040,2346336,run records,159 of 160 planned sessions; 1 skeletons could not be rebuilt byte-identically and were not read,24 random directions on the first 40 skeletons (fewer where skeletons failed to rebuild).
Fixed-text design,Fixed-text design with the final question asking which zone to avoid,A5,Qwen3-32B,valence,run records,-1; -0.5; +0.5; +1,-0.3; -0.15; +0.15; +0.3,158,158,0,1896,0,192696,158,0,1896,0,192696,,,,,run records,158 of 160 planned sessions; 2 skeletons could not be rebuilt byte-identically and were not read,"Re-reads the committed neutral skeletons; nothing is generated. One steered prefill per read, no check passes."
Fixed-text design,Fixed-text design with the final question asking which zone to avoid,A5,Qwen3-32B,random directions (not valence),run records,-1; -0.5; +0.5; +1,norm-matched to valence,158,,,,,,,,,,,40,0,23040,2342784,run records,158 of 160 planned sessions; 2 skeletons could not be rebuilt byte-identically and were not read,24 random directions on the first 40 skeletons (fewer where skeletons failed to rebuild).
Fixed-text design,Fixed-text design with the final question asking which zone to avoid,A5,Mistral-24B,valence,run records,-1; -0.5; +0.5; +1,-0.7; -0.35; +0.35; +0.7,153,153,0,1836,0,187130,153,0,1836,0,187130,,,,,run records,153 of 160 planned sessions; 7 skeletons could not be rebuilt byte-identically and were not read,"Re-reads the committed neutral skeletons; nothing is generated. One steered prefill per read, no check passes."
Fixed-text design,Fixed-text design with the final question asking which zone to avoid,A5,Mistral-24B,random directions (not valence),run records,-1; -0.5; +0.5; +1,norm-matched to valence,153,,,,,,,,,,,36,0,20736,2094048,run records,153 of 160 planned sessions; 7 skeletons could not be rebuilt byte-identically and were not read,24 random directions on the first 40 skeletons (fewer where skeletons failed to rebuild).
Fixed-text design,Fixed-text design with the final question asking which zone to avoid,A5,Gemma-3-27B,valence,run records,-1; -0.5; +0.5; +1,-0.15; -0.075; +0.075; +0.15,159,159,0,1908,0,186726,159,0,1908,0,186726,,,,,run records,159 of 160 planned sessions; 1 skeletons could not be rebuilt byte-identically and were not read,"Re-reads the committed neutral skeletons; nothing is generated. One steered prefill per read, no check passes."
Fixed-text design,Fixed-text design with the final question asking which zone to avoid,A5,Gemma-3-27B,random directions (not valence),run records,-1; -0.5; +0.5; +1,norm-matched to valence,159,,,,,,,,,,,40,0,23040,2255808,run records,159 of 160 planned sessions; 1 skeletons could not be rebuilt byte-identically and were not read,24 random directions on the first 40 skeletons (fewer where skeletons failed to rebuild).
Fixed-text design,Fixed-text design with the final question asking which zone to avoid,A5,Llama-3.1-8B,valence,run records,-1; -0.5; +0.5; +1,-0.6; -0.3; +0.3; +0.6,159,159,0,1908,0,188136,159,0,1908,0,188136,,,,,run records,159 of 160 planned sessions; 1 skeletons could not be rebuilt byte-identically and were not read,"Re-reads the committed neutral skeletons; nothing is generated. One steered prefill per read, no check passes."
Fixed-text design,Fixed-text design with the final question asking which zone to avoid,A5,Llama-3.1-8B,random directions (not valence),run records,-1; -0.5; +0.5; +1,norm-matched to valence,159,,,,,,,,,,,40,0,23040,2273952,run records,159 of 160 planned sessions; 1 skeletons could not be rebuilt byte-identically and were not read,24 random directions on the first 40 skeletons (fewer where skeletons failed to rebuild).
Fixed-text design,Fixed-text design followed by word-for-word recall of a passage,A6,OLMo-2-32B,valence,run records,-1; -0.5; +0.5; +1,-0.3; -0.15; +0.15; +0.3,158,158,0,1896,1896,194946,158,0,1896,1896,194946,,,,,run records,158 of 160 planned sessions; 2 skeletons could not be rebuilt and were not read,"One steered prefill per condition; the recall replies for both zones are then generated with steering off, from that steered cache. Check passes: one steered re-read of the full recorded sequence per valence condition (choice-margin check)."
Fixed-text design,Fixed-text design followed by word-for-word recall of a passage,A6,Qwen2.5-32B,valence,run records,-1; -0.5; +0.5; +1,-0.3; -0.15; +0.15; +0.3,160,160,0,1920,1920,188368,160,0,1920,1920,188368,,,,,run records,matches design: 160 sessions,"One steered prefill per condition; the recall replies for both zones are then generated with steering off, from that steered cache. Check passes: one steered re-read of the full recorded sequence per valence condition (choice-margin check)."
Fixed-text design,Fixed-text design followed by word-for-word recall of a passage,A6,Qwen3-14B,valence,run records,-1; -0.5; +0.5; +1,-0.3; -0.15; +0.15; +0.3,159,159,0,1908,1908,194234,159,0,1908,1908,194234,,,,,run records,159 of 160 planned sessions; 1 skeletons could not be rebuilt and were not read,"One steered prefill per condition; the recall replies for both zones are then generated with steering off, from that steered cache. Check passes: one steered re-read of the full recorded sequence per valence condition (choice-margin check)."
Fixed-text design,Fixed-text design followed by word-for-word recall of a passage,A6,Qwen3-32B,valence,run records,-1; -0.5; +0.5; +1,-0.3; -0.15; +0.15; +0.3,158,158,0,1896,1896,192696,158,0,1896,1896,192696,,,,,run records,158 of 160 planned sessions; 2 skeletons could not be rebuilt and were not read,"One steered prefill per condition; the recall replies for both zones are then generated with steering off, from that steered cache. Check passes: one steered re-read of the full recorded sequence per valence condition (choice-margin check)."
Fixed-text design,Fixed-text design followed by word-for-word recall of a passage,A6,Mistral-24B,valence,run records,-1; -0.5; +0.5; +1,-0.7; -0.35; +0.35; +0.7,153,153,0,1836,1836,187130,153,0,1836,1836,187130,,,,,run records,153 of 160 planned sessions; 7 skeletons could not be rebuilt and were not read,"One steered prefill per condition; the recall replies for both zones are then generated with steering off, from that steered cache. Check passes: one steered re-read of the full recorded sequence per valence condition (choice-margin check)."
Fixed-text design,Fixed-text design followed by word-for-word recall of a passage,A6,Gemma-3-27B,valence,run records,-1; -0.5; +0.5; +1,-0.15; -0.075; +0.075; +0.15,159,159,0,1908,1908,186726,159,0,1908,1908,186726,,,,,run records,159 of 160 planned sessions; 1 skeletons could not be rebuilt and were not read,"One steered prefill per condition; the recall replies for both zones are then generated with steering off, from that steered cache. Check passes: one steered re-read of the full recorded sequence per valence condition (choice-margin check)."
Fixed-text design,Fixed-text design followed by word-for-word recall of a passage,A6,Llama-3.1-8B,valence,run records,-1; -0.5; +0.5; +1,-0.6; -0.3; +0.3; +0.6,159,159,0,1908,1908,188136,159,0,1908,1908,188136,,,,,run records,159 of 160 planned sessions; 1 skeletons could not be rebuilt and were not read,"One steered prefill per condition; the recall replies for both zones are then generated with steering off, from that steered cache. Check passes: one steered re-read of the full recorded sequence per valence condition (choice-margin check)."
Fixed-text design,"Steered span: bare zone line, fixed sentence, or model passage",A8,OLMo-2-32B,valence,run records (summary counts),-1; -0.5; +0.5; +1,-0.3; -0.15; +0.15; +0.3,1120,1120,0,13440,26880,575742,1120,0,13440,26880,575742,,,,,run records (per-arm mean steered span x sessions),"matches design: bare 480, sentence 480, passage 160 sessions",No generation. Bare and sentence arms are new fixed token streams; the passage arm re-reads the neutral skeletons. Check passes: probe prefill at every nonzero dose and two fidelity forwards at d = -1 and +1 (per-read records not committed; the recorded fidelity-read totals agree with this rule).
Fixed-text design,"Steered span: bare zone line, fixed sentence, or model passage",A8,OLMo-2-32B,random directions (not valence),run records (summary counts),-1; -0.5; +0.5; +1,norm-matched to valence,1120,,,,,,,,,,,200,0,115200,,,"matches design: bare 480, sentence 480, passage 160 sessions",24 random directions x 4 doses on the floor sessions; spans for the floor subset are not recorded separately.
Fixed-text design,"Steered span: bare zone line, fixed sentence, or model passage",A8,Qwen2.5-32B,valence,run records (summary counts),-1; -0.5; +0.5; +1,-0.3; -0.15; +0.15; +0.3,1120,1120,0,13440,26880,528332,1120,0,13440,26880,528332,,,,,run records (per-arm mean steered span x sessions),"matches design: bare 480, sentence 480, passage 160 sessions",No generation. Bare and sentence arms are new fixed token streams; the passage arm re-reads the neutral skeletons. Check passes: probe prefill at every nonzero dose and two fidelity forwards at d = -1 and +1 (per-read records not committed; the recorded fidelity-read totals agree with this rule).
Fixed-text design,"Steered span: bare zone line, fixed sentence, or model passage",A8,Qwen2.5-32B,random directions (not valence),run records (summary counts),-1; -0.5; +0.5; +1,norm-matched to valence,1120,,,,,,,,,,,200,0,115200,,,"matches design: bare 480, sentence 480, passage 160 sessions",24 random directions x 4 doses on the floor sessions; spans for the floor subset are not recorded separately.
Fixed-text design,"Steered span: bare zone line, fixed sentence, or model passage",A8,Qwen3-14B,valence,run records (summary counts),-1; -0.5; +0.5; +1,-0.3; -0.15; +0.15; +0.3,1120,1120,0,13440,26880,562260,1120,0,13440,26880,562260,,,,,run records (per-arm mean steered span x sessions),"matches design: bare 480, sentence 480, passage 160 sessions",No generation. Bare and sentence arms are new fixed token streams; the passage arm re-reads the neutral skeletons. Check passes: probe prefill at every nonzero dose and two fidelity forwards at d = -1 and +1 (per-read records not committed; the recorded fidelity-read totals agree with this rule).
Fixed-text design,"Steered span: bare zone line, fixed sentence, or model passage",A8,Qwen3-14B,random directions (not valence),run records (summary counts),-1; -0.5; +0.5; +1,norm-matched to valence,1120,,,,,,,,,,,200,0,115200,,,"matches design: bare 480, sentence 480, passage 160 sessions",24 random directions x 4 doses on the floor sessions; spans for the floor subset are not recorded separately.
Fixed-text design,"Steered span: bare zone line, fixed sentence, or model passage",A8,Qwen3-32B,valence,run records (summary counts),-1; -0.5; +0.5; +1,-0.3; -0.15; +0.15; +0.3,1120,1120,0,13440,26880,561948,1120,0,13440,26880,561948,,,,,run records (per-arm mean steered span x sessions),"matches design: bare 480, sentence 480, passage 160 sessions",No generation. Bare and sentence arms are new fixed token streams; the passage arm re-reads the neutral skeletons. Check passes: probe prefill at every nonzero dose and two fidelity forwards at d = -1 and +1 (per-read records not committed; the recorded fidelity-read totals agree with this rule).
Fixed-text design,"Steered span: bare zone line, fixed sentence, or model passage",A8,Qwen3-32B,random directions (not valence),run records (summary counts),-1; -0.5; +0.5; +1,norm-matched to valence,1120,,,,,,,,,,,200,0,115200,,,"matches design: bare 480, sentence 480, passage 160 sessions",24 random directions x 4 doses on the floor sessions; spans for the floor subset are not recorded separately.
Fixed-text design,"Steered span: bare zone line, fixed sentence, or model passage",A8,Mistral-24B,valence,run records (summary counts),-1; -0.5; +0.5; +1,-0.7; -0.35; +0.35; +0.7,1120,1120,0,13440,26880,597344,1120,0,13440,26880,597344,,,,,run records (per-arm mean steered span x sessions),"matches design: bare 480, sentence 480, passage 160 sessions",No generation. Bare and sentence arms are new fixed token streams; the passage arm re-reads the neutral skeletons. Check passes: probe prefill at every nonzero dose and two fidelity forwards at d = -1 and +1 (per-read records not committed; the recorded fidelity-read totals agree with this rule).
Fixed-text design,"Steered span: bare zone line, fixed sentence, or model passage",A8,Mistral-24B,random directions (not valence),run records (summary counts),-1; -0.5; +0.5; +1,norm-matched to valence,1120,,,,,,,,,,,200,0,115200,,,"matches design: bare 480, sentence 480, passage 160 sessions",24 random directions x 4 doses on the floor sessions; spans for the floor subset are not recorded separately.
Fixed-text design,"Steered span: bare zone line, fixed sentence, or model passage",A8,Gemma-3-27B,valence,run records (summary counts),-1; -0.5; +0.5; +1,-0.15; -0.075; +0.075; +0.15,1120,1120,0,13440,26880,509544,1120,0,13440,26880,509544,,,,,run records (per-arm mean steered span x sessions),"matches design: bare 480, sentence 480, passage 160 sessions",No generation. Bare and sentence arms are new fixed token streams; the passage arm re-reads the neutral skeletons. Check passes: probe prefill at every nonzero dose and two fidelity forwards at d = -1 and +1 (per-read records not committed; the recorded fidelity-read totals agree with this rule).
Fixed-text design,"Steered span: bare zone line, fixed sentence, or model passage",A8,Gemma-3-27B,random directions (not valence),run records (summary counts),-1; -0.5; +0.5; +1,norm-matched to valence,1120,,,,,,,,,,,200,0,115200,,,"matches design: bare 480, sentence 480, passage 160 sessions",24 random directions x 4 doses on the floor sessions; spans for the floor subset are not recorded separately.
Fixed-text design,"Steered span: bare zone line, fixed sentence, or model passage",A8,Llama-3.1-8B,valence,run records (summary counts),-1; -0.5; +0.5; +1,-0.6; -0.3; +0.3; +0.6,1120,1120,0,13440,26880,534772,1120,0,13440,26880,534772,,,,,run records (per-arm mean steered span x sessions),"matches design: bare 480, sentence 480, passage 160 sessions",No generation. Bare and sentence arms are new fixed token streams; the passage arm re-reads the neutral skeletons. Check passes: probe prefill at every nonzero dose and two fidelity forwards at d = -1 and +1 (per-read records not committed; the recorded fidelity-read totals agree with this rule).
Fixed-text design,"Steered span: bare zone line, fixed sentence, or model passage",A8,Llama-3.1-8B,random directions (not valence),run records (summary counts),-1; -0.5; +0.5; +1,norm-matched to valence,1120,,,,,,,,,,,200,0,115200,,,"matches design: bare 480, sentence 480, passage 160 sessions",24 random directions x 4 doses on the floor sessions; spans for the floor subset are not recorded separately.
Fixed-text design,"Number of exposures to each zone (1, 2, 3 or 6)",A9,OLMo-2-32B,valence,run records (summary counts),-1; -0.5; +0.5; +1,-0.3; -0.15; +0.15; +0.3,1920,1920,0,11520,23040,261308,1920,0,11520,23040,261308,,,,,run records (per-arm mean steered span x sessions),matches design: 480 sessions in each of the 4 arms,"Arms bare_e1, bare_e2, bare_e3 and bare_e6, as plotted. Steered turns per read equal the number of exposures. Check passes as in the span sweep."
Fixed-text design,"Number of exposures to each zone (1, 2, 3 or 6)",A9,OLMo-2-32B,random directions (not valence),run records (summary counts),-1; -0.5; +0.5; +1,norm-matched to valence,1920,,,,,,,,,,,320,0,92160,,,matches design: 480 sessions in each of the 4 arms,24 random directions x 4 doses on the floor sessions; spans for the floor subset are not recorded separately.
Fixed-text design,"Number of exposures to each zone (1, 2, 3 or 6)",A9,Qwen2.5-32B,valence,run records (summary counts),-1; -0.5; +0.5; +1,-0.3; -0.15; +0.15; +0.3,1920,1920,0,11520,23040,242054,1920,0,11520,23040,242054,,,,,run records (per-arm mean steered span x sessions),matches design: 480 sessions in each of the 4 arms,"Arms bare_e1, bare_e2, bare_e3 and bare_e6, as plotted. Steered turns per read equal the number of exposures. Check passes as in the span sweep."
Fixed-text design,"Number of exposures to each zone (1, 2, 3 or 6)",A9,Qwen2.5-32B,random directions (not valence),run records (summary counts),-1; -0.5; +0.5; +1,norm-matched to valence,1920,,,,,,,,,,,320,0,92160,,,matches design: 480 sessions in each of the 4 arms,24 random directions x 4 doses on the floor sessions; spans for the floor subset are not recorded separately.
Fixed-text design,"Number of exposures to each zone (1, 2, 3 or 6)",A9,Qwen3-14B,valence,run records (summary counts),-1; -0.5; +0.5; +1,-0.3; -0.15; +0.15; +0.3,1920,1920,0,11520,23040,249788,1920,0,11520,23040,249788,,,,,run records (per-arm mean steered span x sessions),matches design: 480 sessions in each of the 4 arms,"Arms bare_e1, bare_e2, bare_e3 and bare_e6, as plotted. Steered turns per read equal the number of exposures. Check passes as in the span sweep."
Fixed-text design,"Number of exposures to each zone (1, 2, 3 or 6)",A9,Qwen3-14B,random directions (not valence),run records (summary counts),-1; -0.5; +0.5; +1,norm-matched to valence,1920,,,,,,,,,,,320,0,92160,,,matches design: 480 sessions in each of the 4 arms,24 random directions x 4 doses on the floor sessions; spans for the floor subset are not recorded separately.
Fixed-text design,"Number of exposures to each zone (1, 2, 3 or 6)",A9,Qwen3-32B,valence,run records (summary counts),-1; -0.5; +0.5; +1,-0.3; -0.15; +0.15; +0.3,1920,1920,0,11520,23040,249788,1920,0,11520,23040,249788,,,,,run records (per-arm mean steered span x sessions),matches design: 480 sessions in each of the 4 arms,"Arms bare_e1, bare_e2, bare_e3 and bare_e6, as plotted. Steered turns per read equal the number of exposures. Check passes as in the span sweep."
Fixed-text design,"Number of exposures to each zone (1, 2, 3 or 6)",A9,Qwen3-32B,random directions (not valence),run records (summary counts),-1; -0.5; +0.5; +1,norm-matched to valence,1920,,,,,,,,,,,320,0,92160,,,matches design: 480 sessions in each of the 4 arms,24 random directions x 4 doses on the floor sessions; spans for the floor subset are not recorded separately.
Fixed-text design,"Number of exposures to each zone (1, 2, 3 or 6)",A9,Mistral-24B,valence,run records (summary counts),-1; -0.5; +0.5; +1,-0.7; -0.35; +0.35; +0.7,1920,1920,0,11520,23040,444444,1920,0,11520,23040,444444,,,,,run records (per-arm mean steered span x sessions),matches design: 480 sessions in each of the 4 arms,"Arms bare_e1, bare_e2, bare_e3 and bare_e6, as plotted. Steered turns per read equal the number of exposures. Check passes as in the span sweep."
Fixed-text design,"Number of exposures to each zone (1, 2, 3 or 6)",A9,Mistral-24B,random directions (not valence),run records (summary counts),-1; -0.5; +0.5; +1,norm-matched to valence,1920,,,,,,,,,,,320,0,92160,,,matches design: 480 sessions in each of the 4 arms,24 random directions x 4 doses on the floor sessions; spans for the floor subset are not recorded separately.
Fixed-text design,"Number of exposures to each zone (1, 2, 3 or 6)",A9,Gemma-3-27B,valence,run records (summary counts),-1; -0.5; +0.5; +1,-0.15; -0.075; +0.075; +0.15,1920,1920,0,11520,23040,205534,1920,0,11520,23040,205534,,,,,run records (per-arm mean steered span x sessions),matches design: 480 sessions in each of the 4 arms,"Arms bare_e1, bare_e2, bare_e3 and bare_e6, as plotted. Steered turns per read equal the number of exposures. Check passes as in the span sweep."
Fixed-text design,"Number of exposures to each zone (1, 2, 3 or 6)",A9,Gemma-3-27B,random directions (not valence),run records (summary counts),-1; -0.5; +0.5; +1,norm-matched to valence,1920,,,,,,,,,,,320,0,92160,,,matches design: 480 sessions in each of the 4 arms,24 random directions x 4 doses on the floor sessions; spans for the floor subset are not recorded separately.
Fixed-text design,"Number of exposures to each zone (1, 2, 3 or 6)",A9,Llama-3.1-8B,valence,run records (summary counts),-1; -0.5; +0.5; +1,-0.6; -0.3; +0.3; +0.6,1920,1920,0,11520,23040,253010,1920,0,11520,23040,253010,,,,,run records (per-arm mean steered span x sessions),matches design: 480 sessions in each of the 4 arms,"Arms bare_e1, bare_e2, bare_e3 and bare_e6, as plotted. Steered turns per read equal the number of exposures. Check passes as in the span sweep."
Fixed-text design,"Number of exposures to each zone (1, 2, 3 or 6)",A9,Llama-3.1-8B,random directions (not valence),run records (summary counts),-1; -0.5; +0.5; +1,norm-matched to valence,1920,,,,,,,,,,,320,0,92160,,,matches design: 480 sessions in each of the 4 arms,24 random directions x 4 doses on the floor sessions; spans for the floor subset are not recorded separately.
Fixed-text design,One exposure at full strength or six exposures at one-sixth strength,A10A,OLMo-2-32B,valence,run records (summary counts),-1; -0.5; +0.5; +1,"-0.3 to -0.025; +0.025 to +0.3 (rho x d x k, k = 1, 1/6)",640,640,0,4480,8960,103040,640,0,4480,8960,103040,,,,,run records (per-arm mean steered span x sessions),matches design: 320 sessions in each of the 2 arms,"Arms e1_k1 and e6_ksixth, as plotted. Assistant turns are empty and a fixed unsteered priming exchange precedes the zones. Strengths are rho x d x k per position. Check passes as in the span sweep."
Fixed-text design,One exposure at full strength or six exposures at one-sixth strength,A10A,Qwen2.5-32B,valence,run records (summary counts),-1; -0.5; +0.5; +1,"-0.3 to -0.025; +0.025 to +0.3 (rho x d x k, k = 1, 1/6)",640,640,0,4480,8960,80640,640,0,4480,8960,80640,,,,,run records (per-arm mean steered span x sessions),matches design: 320 sessions in each of the 2 arms,"Arms e1_k1 and e6_ksixth, as plotted. Assistant turns are empty and a fixed unsteered priming exchange precedes the zones. Strengths are rho x d x k per position. Check passes as in the span sweep."
Fixed-text design,One exposure at full strength or six exposures at one-sixth strength,A10A,Qwen3-14B,valence,run records (summary counts),-1; -0.5; +0.5; +1,"-0.3 to -0.025; +0.025 to +0.3 (rho x d x k, k = 1, 1/6)",640,640,0,4480,8960,98560,640,0,4480,8960,98560,,,,,run records (per-arm mean steered span x sessions),matches design: 320 sessions in each of the 2 arms,"Arms e1_k1 and e6_ksixth, as plotted. Assistant turns are empty and a fixed unsteered priming exchange precedes the zones. Strengths are rho x d x k per position. Check passes as in the span sweep."
Fixed-text design,One exposure at full strength or six exposures at one-sixth strength,A10A,Qwen3-32B,valence,run records (summary counts),-1; -0.5; +0.5; +1,"-0.3 to -0.025; +0.025 to +0.3 (rho x d x k, k = 1, 1/6)",640,640,0,4480,8960,98560,640,0,4480,8960,98560,,,,,run records (per-arm mean steered span x sessions),matches design: 320 sessions in each of the 2 arms,"Arms e1_k1 and e6_ksixth, as plotted. Assistant turns are empty and a fixed unsteered priming exchange precedes the zones. Strengths are rho x d x k per position. Check passes as in the span sweep."
Fixed-text design,One exposure at full strength or six exposures at one-sixth strength,A10A,Mistral-24B,valence,run records (summary counts),-1; -0.5; +0.5; +1,"-0.7 to -0.05833; +0.05833 to +0.7 (rho x d x k, k = 1, 1/6)",640,640,0,4480,8960,49280,640,0,4480,8960,49280,,,,,run records (per-arm mean steered span x sessions),matches design: 320 sessions in each of the 2 arms,"Arms e1_k1 and e6_ksixth, as plotted. Assistant turns are empty and a fixed unsteered priming exchange precedes the zones. Strengths are rho x d x k per position. Check passes as in the span sweep."
Fixed-text design,One exposure at full strength or six exposures at one-sixth strength,A10A,Gemma-3-27B,valence,run records (summary counts),-1; -0.5; +0.5; +1,"-0.15 to -0.0125; +0.0125 to +0.15 (rho x d x k, k = 1, 1/6)",640,640,0,4480,8960,80640,640,0,4480,8960,80640,,,,,run records (per-arm mean steered span x sessions),matches design: 320 sessions in each of the 2 arms,"Arms e1_k1 and e6_ksixth, as plotted. Assistant turns are empty and a fixed unsteered priming exchange precedes the zones. Strengths are rho x d x k per position. Check passes as in the span sweep."
Fixed-text design,One exposure at full strength or six exposures at one-sixth strength,A10A,Llama-3.1-8B,valence,run records (summary counts),-1; -0.5; +0.5; +1,"-0.6 to -0.05; +0.05 to +0.6 (rho x d x k, k = 1, 1/6)",640,640,0,4480,8960,80640,640,0,4480,8960,80640,,,,,run records (per-arm mean steered span x sessions),matches design: 320 sessions in each of the 2 arms,"Arms e1_k1 and e6_ksixth, as plotted. Assistant turns are empty and a fixed unsteered priming exchange precedes the zones. Strengths are rho x d x k per position. Check passes as in the span sweep."
Fixed-text design,Six exposures at per-exposure strength k from 1 down to 1/32,A10B,OLMo-2-32B,valence,run records (summary counts),-1; -0.5; +0.5; +1,"-0.3 to -0.004687; +0.004687 to +0.3 (rho x d x k, k = 1, 1/sqrt(6), 1/6, 1/8, 1/12, 1/16, 1/24, 1/32)",5760,5760,0,69120,138240,1589760,5760,0,69120,138240,1589760,,,,,run records (per-arm mean steered span x sessions),"matches design: 5760 sessions, 90240 reads","Arms e6_k1, e6_kl2, e6_ksixth, e6_k8, e6_k12, e6_k16, e6_k24, e6_k32, as plotted. Assistant turns are empty. Strengths are rho x d x k per position. Check passes as in the span sweep."
Fixed-text design,Six exposures at per-exposure strength k from 1 down to 1/32,A10B,Qwen3-14B,valence,run records (summary counts),-1; -0.5; +0.5; +1,"-0.3 to -0.004687; +0.004687 to +0.3 (rho x d x k, k = 1, 1/sqrt(6), 1/6, 1/8, 1/12, 1/16, 1/24, 1/32)",5760,5760,0,69120,138240,1520640,5760,0,69120,138240,1520640,,,,,run records (per-arm mean steered span x sessions),"matches design: 5760 sessions, 90240 reads; completeness block lists only OLMo-2-32B, the instrument block confirms all arms","Arms e6_k1, e6_kl2, e6_ksixth, e6_k8, e6_k12, e6_k16, e6_k24, e6_k32, as plotted. Assistant turns are empty. Strengths are rho x d x k per position. Check passes as in the span sweep."
Fixed-text design,Six exposures at per-exposure strength k from 1 down to 1/32,A10B,Llama-3.1-8B,valence,run records (summary counts),-1; -0.5; +0.5; +1,"-0.6 to -0.009375; +0.009375 to +0.6 (rho x d x k, k = 1, 1/sqrt(6), 1/6, 1/8, 1/12, 1/16, 1/24, 1/32)",5760,5760,0,69120,138240,1244160,5760,0,69120,138240,1244160,,,,,run records (per-arm mean steered span x sessions),"matches design: 5760 sessions, 90240 reads; completeness block lists only OLMo-2-32B, the instrument block confirms all arms","Arms e6_k1, e6_kl2, e6_ksixth, e6_k8, e6_k12, e6_k16, e6_k24, e6_k32, as plotted. Assistant turns are empty. Strengths are rho x d x k per position. Check passes as in the span sweep."
Fixed-text design,Keys and values: steered and unsteered caches spliced together,A11,OLMo-2-32B,valence,run records (summary counts),-1; -0.5; +0.5; +1,-0.3; -0.15; +0.15; +0.3,320,320,0,1280,1280,29440,320,0,1280,1280,29440,,,,,run records (per-arm steered span x sessions),"matches design: 320 sessions, 9280 full-condition reads","Arm e1_k1, as plotted. Per session and nonzero dose there are two steered passes over the conditioned-zone turn: the prefix cache the key/value conditions are spliced from, and the full read. The spliced reads add no steered pass. Check passes: probe prefill at each nonzero dose and two fidelity forwards at d = -1 and +1."
Fixed-text design,Keys and values: steered and unsteered caches spliced together,A11,Qwen3-14B,valence,run records (summary counts),-1; -0.5; +0.5; +1,-0.3; -0.15; +0.15; +0.3,320,320,0,1280,1280,28160,320,0,1280,1280,28160,,,,,run records (per-arm steered span x sessions),"matches design: 320 sessions, 9280 full-condition reads","Arm e1_k1, as plotted. Per session and nonzero dose there are two steered passes over the conditioned-zone turn: the prefix cache the key/value conditions are spliced from, and the full read. The spliced reads add no steered pass. Check passes: probe prefill at each nonzero dose and two fidelity forwards at d = -1 and +1."
Fixed-text design,Keys and values: steered and unsteered caches spliced together,A11,Llama-3.1-8B,valence,run records (summary counts),-1; -0.5; +0.5; +1,-0.6; -0.3; +0.3; +0.6,320,320,0,1280,1280,23040,320,0,1280,1280,23040,,,,,run records (per-arm steered span x sessions),"matches design: 320 sessions, 9280 full-condition reads","Arm e1_k1, as plotted. Per session and nonzero dose there are two steered passes over the conditioned-zone turn: the prefix cache the key/value conditions are spliced from, and the full read. The spliced reads add no steered pass. Check passes: probe prefill at each nonzero dose and two fidelity forwards at d = -1 and +1."
Checkpoint ladder,Instruct-generated streams re-read by each OLMo-2-32B checkpoint,"4, A12",OLMo-2-32B Base,valence,run records,-1; -0.5; +0.5; +1,-0.3; -0.15; +0.15; +0.3,80,40,0,480,480,,40,0,480,480,,,,,,,"matches design: 20 streams per dose and direction, re-read with both vectors","Generated turns are counted in the Instruct row. This checkpoint re-read every stream once with the Instruct vector (Figure 4) and once with its own vector (Figure A12). Check passes: one steered full forward per steered re-read (cache-fidelity reference). Turn spans were not kept in the committed records, so token positions are not counted."
Checkpoint ladder,Instruct-generated streams re-read by each OLMo-2-32B checkpoint,"4, A12",OLMo-2-32B SFT,valence,run records,-1; -0.5; +0.5; +1,-0.3; -0.15; +0.15; +0.3,80,40,0,480,480,,40,0,480,480,,,,,,,"matches design: 20 streams per dose and direction, re-read with both vectors","Generated turns are counted in the Instruct row. This checkpoint re-read every stream once with the Instruct vector (Figure 4) and once with its own vector (Figure A12). Check passes: one steered full forward per steered re-read (cache-fidelity reference). Turn spans were not kept in the committed records, so token positions are not counted."
Checkpoint ladder,Instruct-generated streams re-read by each OLMo-2-32B checkpoint,"4, A12",OLMo-2-32B DPO,valence,run records,-1; -0.5; +0.5; +1,-0.3; -0.15; +0.15; +0.3,80,40,0,480,480,,40,0,480,480,,,,,,,"matches design: 20 streams per dose and direction, re-read with both vectors","Generated turns are counted in the Instruct row. This checkpoint re-read every stream once with the Instruct vector (Figure 4) and once with its own vector (Figure A12). Check passes: one steered full forward per steered re-read (cache-fidelity reference). Turn spans were not kept in the committed records, so token positions are not counted."
Checkpoint ladder,Instruct-generated streams re-read by each OLMo-2-32B checkpoint,"4, A12",OLMo-2-32B Instruct,valence,run records,-1; -0.5; +0.5; +1,-0.3; -0.15; +0.15; +0.3,80,40,240,480,480,,40,240,480,480,,,,,,,"matches design: 20 streams per dose and direction, re-read with both vectors","The Instruct checkpoint generated all streams under steering with the Instruct vector, counted in this row only. This checkpoint re-read every stream once with the Instruct vector (Figure 4) and once with its own vector (Figure A12). Check passes: one steered full forward per steered re-read (cache-fidelity reference). Turn spans were not kept in the committed records, so token positions are not counted."
Self-administration and removal,Self-administration and removal tools (zone exposure prompt),"5, A13",OLMo-2-32B,valence,run records,-1; -0.5; +0.5; +1,-0.3; -0.15; +0.15; +0.3,1400,400,2917,0,0,,431,3453,0,0,,,,,,,matches design: 200 conversations in each of 7 conditions,"Negative steered replies: 800 exposure turns, 2028 offer rounds where the default negative steering was re-imposed (the model can reset it), and 89 offer turns where the model applied negative steering to itself with adjust_context. Had the model never reset, the default would have been re-imposed on 2800 offer rounds (7 per conversation). In every steered turn the whole conversation so far is re-encoded under steering, so the steered positions include the context as well as the reply; token counts are not recorded (only characters). Doses are the imposed ones; self-administered steering uses the requested intensity times the condition's dose, never more. Positive turns include adjust_context calls in the zero-dose condition, whose tool applies positive steering."
Self-administration and removal,Self-administration and removal tools (zone exposure prompt),"5, A13",OLMo-2-32B,random directions (not valence),run records,+0.5; +1 (magnitude only),norm-matched to valence,1400,,,,,,,,,,,400,3351,0,,,matches design: 200 conversations in each of 7 conditions,16 random directions; imposed and self-administered random-direction turns.
Concept controls,"Concept directions on the fixed-text design, with a valence comparison",A14,OLMo-2-32B,valence,run records,-1; -0.5; +0.5; +1,-0.3; -0.15; +0.15; +0.3,158,158,0,1896,0,194946,158,0,1896,0,194946,,,,,run records,158 of 160 skeletons rebuilt and read,The valence line of Figure A14 re-read on the same neutral skeletons as the concept directions; one steered prefill per read.
Concept controls,"Concept directions on the fixed-text design, with a valence comparison",A14,OLMo-2-32B,concept directions (not valence),run records,-1; -0.5; +0.5; +1,norm-matched to valence,158,,,,,,,,,,,158,0,11376,1169676,run records,158 of 160 skeletons rebuilt and read,"Indoor/outdoor, large/small and fast/slow, each at both poles and two strengths."
Concept controls,Forced-choice concept-word probe after unsteered fixed text,Table A1,OLMo-2-32B,concept directions (not valence),run records,-1; +1,norm-matched to valence,158,,,,,,,,,,,158,0,948,31916,run records,158 of 160 skeletons rebuilt and probed,"Three concepts, both poles. The conversation is read without steering; steering covers only the probe question turn and the scoring of the answer words. Token positions: question tokens plus any answer-word tokens beyond the first."
Concept controls,"Concept directions on the fixed-text design, with a valence comparison",A14,Qwen2.5-32B,valence,run records,-1; -0.5; +0.5; +1,-0.3; -0.15; +0.15; +0.3,160,160,0,1920,0,188368,160,0,1920,0,188368,,,,,run records,160 of 160 skeletons rebuilt and read,The valence line of Figure A14 re-read on the same neutral skeletons as the concept directions; one steered prefill per read.
Concept controls,"Concept directions on the fixed-text design, with a valence comparison",A14,Qwen2.5-32B,concept directions (not valence),run records,-1; -0.5; +0.5; +1,norm-matched to valence,160,,,,,,,,,,,160,0,11520,1130208,run records,160 of 160 skeletons rebuilt and read,"Indoor/outdoor, large/small and fast/slow, each at both poles and two strengths."
Concept controls,24 random directions on all 160 Qwen2.5-32B conversations,A14,Qwen2.5-32B,random directions (not valence),run records,-1; -0.5; +0.5; +1,norm-matched to valence,160,,,,,,,,,,,160,0,92160,9041664,run records,matches design: 160 sessions x 24 directions x 4 doses,
Concept controls,Forced-choice concept-word probe after unsteered fixed text,Table A1,Qwen2.5-32B,concept directions (not valence),run records,-1; +1,norm-matched to valence,160,,,,,,,,,,,160,0,960,27520,run records,160 of 160 skeletons rebuilt and probed,"Three concepts, both poles. The conversation is read without steering; steering covers only the probe question turn and the scoring of the answer words. Token positions: question tokens plus any answer-word tokens beyond the first."
Concept controls,"Concept directions on the fixed-text design, with a valence comparison",A14,Qwen3-14B,valence,run records,-1; -0.5; +0.5; +1,-0.3; -0.15; +0.15; +0.3,159,159,0,1908,0,194234,159,0,1908,0,194234,,,,,run records,159 of 160 skeletons rebuilt and read,The valence line of Figure A14 re-read on the same neutral skeletons as the concept directions; one steered prefill per read.
Concept controls,"Concept directions on the fixed-text design, with a valence comparison",A14,Qwen3-14B,concept directions (not valence),run records,-1; -0.5; +0.5; +1,norm-matched to valence,159,,,,,,,,,,,159,0,11448,1165404,run records,159 of 160 skeletons rebuilt and read,"Indoor/outdoor, large/small and fast/slow, each at both poles and two strengths."
Concept controls,Forced-choice concept-word probe after unsteered fixed text,Table A1,Qwen3-14B,concept directions (not valence),run records,-1; +1,norm-matched to valence,159,,,,,,,,,,,159,0,954,31164,run records,159 of 160 skeletons rebuilt and probed,"Three concepts, both poles. The conversation is read without steering; steering covers only the probe question turn and the scoring of the answer words. Token positions: question tokens plus any answer-word tokens beyond the first."
Concept controls,"Concept directions on the fixed-text design, with a valence comparison",A14,Qwen3-32B,valence,run records,-1; -0.5; +0.5; +1,-0.3; -0.15; +0.15; +0.3,158,158,0,1896,0,192696,158,0,1896,0,192696,,,,,run records,158 of 160 skeletons rebuilt and read,The valence line of Figure A14 re-read on the same neutral skeletons as the concept directions; one steered prefill per read.
Concept controls,"Concept directions on the fixed-text design, with a valence comparison",A14,Qwen3-32B,concept directions (not valence),run records,-1; -0.5; +0.5; +1,norm-matched to valence,158,,,,,,,,,,,158,0,11376,1156176,run records,158 of 160 skeletons rebuilt and read,"Indoor/outdoor, large/small and fast/slow, each at both poles and two strengths."
Concept controls,Forced-choice concept-word probe after unsteered fixed text,Table A1,Qwen3-32B,concept directions (not valence),run records,-1; +1,norm-matched to valence,158,,,,,,,,,,,158,0,948,30968,run records,158 of 160 skeletons rebuilt and probed,"Three concepts, both poles. The conversation is read without steering; steering covers only the probe question turn and the scoring of the answer words. Token positions: question tokens plus any answer-word tokens beyond the first."
Concept controls,"Concept directions on the fixed-text design, with a valence comparison",A14,Mistral-24B,valence,run records,-1; -0.5; +0.5; +1,-0.7; -0.35; +0.35; +0.7,153,153,0,1836,0,187130,153,0,1836,0,187130,,,,,run records,153 of 160 skeletons rebuilt and read,The valence line of Figure A14 re-read on the same neutral skeletons as the concept directions; one steered prefill per read.
Concept controls,"Concept directions on the fixed-text design, with a valence comparison",A14,Mistral-24B,concept directions (not valence),run records,-1; -0.5; +0.5; +1,norm-matched to valence,153,,,,,,,,,,,153,0,11016,1122780,run records,153 of 160 skeletons rebuilt and read,"Indoor/outdoor, large/small and fast/slow, each at both poles and two strengths."
Concept controls,Forced-choice concept-word probe after unsteered fixed text,Table A1,Mistral-24B,concept directions (not valence),run records,-1; +1,norm-matched to valence,153,,,,,,,,,,,153,0,918,20196,run records,153 of 160 skeletons rebuilt and probed,"Three concepts, both poles. The conversation is read without steering; steering covers only the probe question turn and the scoring of the answer words. Token positions: question tokens plus any answer-word tokens beyond the first."
Concept controls,"Concept directions on the fixed-text design, with a valence comparison",A14,Gemma-3-27B,valence,run records,-1; -0.5; +0.5; +1,-0.15; -0.075; +0.075; +0.15,159,159,0,1908,0,186726,159,0,1908,0,186726,,,,,run records,159 of 160 skeletons rebuilt and read,The valence line of Figure A14 re-read on the same neutral skeletons as the concept directions; one steered prefill per read.
Concept controls,"Concept directions on the fixed-text design, with a valence comparison",A14,Gemma-3-27B,concept directions (not valence),run records,-1; -0.5; +0.5; +1,norm-matched to valence,159,,,,,,,,,,,159,0,11448,1120356,run records,159 of 160 skeletons rebuilt and read,"Indoor/outdoor, large/small and fast/slow, each at both poles and two strengths."
Concept controls,Forced-choice concept-word probe after unsteered fixed text,Table A1,Gemma-3-27B,concept directions (not valence),run records,-1; +1,norm-matched to valence,159,,,,,,,,,,,159,0,954,26394,run records,159 of 160 skeletons rebuilt and probed,"Three concepts, both poles. The conversation is read without steering; steering covers only the probe question turn and the scoring of the answer words. Token positions: question tokens plus any answer-word tokens beyond the first."
Concept controls,"Concept directions on the fixed-text design, with a valence comparison",A14,Llama-3.1-8B,valence,run records,-1; -0.5; +0.5; +1,-0.6; -0.3; +0.3; +0.6,159,159,0,1908,0,188136,159,0,1908,0,188136,,,,,run records,159 of 160 skeletons rebuilt and read,The valence line of Figure A14 re-read on the same neutral skeletons as the concept directions; one steered prefill per read.
Concept controls,"Concept directions on the fixed-text design, with a valence comparison",A14,Llama-3.1-8B,concept directions (not valence),run records,-1; -0.5; +0.5; +1,norm-matched to valence,159,,,,,,,,,,,159,0,11448,1128816,run records,159 of 160 skeletons rebuilt and read,"Indoor/outdoor, large/small and fast/slow, each at both poles and two strengths."
Concept controls,Forced-choice concept-word probe after unsteered fixed text,Table A1,Llama-3.1-8B,concept directions (not valence),run records,-1; +1,norm-matched to valence,159,,,,,,,,,,,159,0,954,27348,run records,159 of 160 skeletons rebuilt and probed,"Three concepts, both poles. The conversation is read without steering; steering covers only the probe question turn and the scoring of the answer words. Token positions: question tokens plus any answer-word tokens beyond the first."
Dose calibration,Scan of candidate strengths that set rho,Table A2,OLMo-2-32B,valence,not countable,,,,,,,,,,,,,,,,,,,not countable from this repository,"The scan that set rho = 0.30 for this model is not in this repository's records, so its steering cannot be counted."
Dose calibration,Scan of candidate strengths that set rho,Table A2,Qwen2.5-32B,valence,not countable,,,,,,,,,,,,,,,,,,,not countable from this repository,"The scan that set rho = 0.30 for this model is not in this repository's records, so its steering cannot be counted."
Dose calibration,Scan of candidate strengths that set rho,Table A2,Qwen3-14B,valence,not countable,,,,,,,,,,,,,,,,,,,not countable from this repository,"The scan that set rho = 0.30 for this model is not in this repository's records, so its steering cannot be counted."
Dose calibration,Scan of candidate strengths that set rho,Table A2,Qwen3-32B,valence,not countable,,,,,,,,,,,,,,,,,,,not countable from this repository,"The scan that set rho = 0.30 for this model is not in this repository's records, so its steering cannot be counted."
Dose calibration,Scan of candidate strengths that set rho,Table A2,Mistral-24B,valence,run records,candidate strengths (rho is chosen here),-0.9; -0.7; -0.5; -0.3; +0.3; +0.5; +0.7; +0.9,54,24,120,144,0,,24,120,144,0,,,,,,,"matches design: 6 conversations x 3 turns per cell, 9 cells","Per strength and sign: 6 conversations of 3 generated turns (up to 150 tokens), 8 short self-report replies (from the configuration; only parsed answers are recorded) and 4 tool-call replies, all generated with the vector added at every position of the re-encoded conversation; read-only turns are the forced self-report scoring passes (18 items x 2 answers). The arrival check re-encodes the replies without steering. Token counts are not recorded."
Dose calibration,Scan of candidate strengths that set rho,Table A2,Gemma-3-27B,valence,run records,candidate strengths (rho is chosen here),-0.2; -0.15; -0.12; -0.08; -0.05; +0.05; +0.08; +0.12; +0.15; +0.2,66,30,150,180,0,,30,150,180,0,,,,,,,"matches design: 6 conversations x 3 turns per cell, 11 cells","Per strength and sign: 6 conversations of 3 generated turns (up to 150 tokens), 8 short self-report replies (from the configuration; only parsed answers are recorded) and 4 tool-call replies, all generated with the vector added at every position of the re-encoded conversation; read-only turns are the forced self-report scoring passes (18 items x 2 answers). The arrival check re-encodes the replies without steering. Token counts are not recorded."
Dose calibration,Scan of candidate strengths that set rho,Table A2,Llama-3.1-8B,valence,run records,candidate strengths (rho is chosen here),-0.6; -0.4; -0.3; -0.2; -0.1; +0.1; +0.2; +0.3; +0.4; +0.6,66,30,150,180,0,,30,150,180,0,,,,,,,"matches design: 6 conversations x 3 turns per cell, 11 cells","Per strength and sign: 6 conversations of 3 generated turns (up to 150 tokens), 8 short self-report replies (from the configuration; only parsed answers are recorded) and 4 tool-call replies, all generated with the vector added at every position of the re-encoded conversation; read-only turns are the forced self-report scoring passes (18 items x 2 answers). The arrival check re-encodes the replies without steering. Token counts are not recorded."
